id,x,y,m_index
49242847,492425,284725,5.71
49252827,492525,282725,6.2
49252847,492525,284725,5.71
49252848,492525,284825,7.08
49262828,492625,282825,6.45
49262829,492625,282925,6.45
49262833,492625,283325,6.45
49262834,492625,283425,6.04
49262846,492625,284625,5.71
49262847,492625,284725,6.35
49262848,492625,284825,7.08
49272828,492725,282825,6.44
49272829,492725,282925,6.45
49272830,492725,283025,6.45
49272832,492725,283225,6.41
49272833,492725,283325,6.45
49272834,492725,283425,6.06
49272835,492725,283525,6.05
49272845,492725,284525,5.72
49272846,492725,284625,6.13
49272847,492725,284725,7.08
49272848,492725,284825,7.08
49272849,492725,284925,7.08
49272869,492725,286925,9.02
49282828,492825,282825,6.35
49282829,492825,282925,6.37
49282830,492825,283025,6.44
49282831,492825,283125,6.37
49282832,492825,283225,6.45
49282833,492825,283325,6.21
49282834,492825,283425,6.05
49282835,492825,283525,6.05
49282836,492825,283625,6.41
49282837,492825,283725,6.41
49282838,492825,283825,6.44
49282839,492825,283925,6.48
49282840,492825,284025,6.55
49282841,492825,284125,6.62
49282842,492825,284225,6.16
49282843,492825,284325,6.4
49282844,492825,284425,5.72
49282845,492825,284525,5.98
49282846,492825,284625,7.08
49282847,492825,284725,7.08
49282848,492825,284825,6.88
49282849,492825,284925,6.3
49282870,492825,287025,9.02
49292828,492925,282825,6.35
49292829,492925,282925,6.39
49292830,492925,283025,6.35
49292831,492925,283125,6.36
49292832,492925,283225,6.4
49292833,492925,283325,5.88
49292834,492925,283425,5.89
49292835,492925,283525,5.9
49292836,492925,283625,6.41
49292837,492925,283725,6.41
49292838,492925,283825,6.44
49292839,492925,283925,6.48
49292840,492925,284025,6.48
49292841,492925,284125,6.14
49292842,492925,284225,5.97
49292843,492925,284325,6.08
49292844,492925,284425,6.01
49292845,492925,284525,6.98
49292846,492925,284625,7.09
49292847,492925,284725,6.89
49292848,492925,284825,6.3
49292849,492925,284925,6.3
49292850,492925,285025,6.3
49292857,492925,285725,6.4
49292858,492925,285825,6.4
49292859,492925,285925,6.4
49292870,492925,287025,9.02
49292871,492925,287125,9.02
49302827,493025,282725,6.35
49302828,493025,282825,6.35
49302829,493025,282925,6.36
49302830,493025,283025,6.39
49302831,493025,283125,6.35
49302832,493025,283225,6.35
49302833,493025,283325,6.01
49302834,493025,283425,5.94
49302835,493025,283525,5.98
49302836,493025,283625,6.41
49302837,493025,283725,6.41
49302838,493025,283825,6.38
49302839,493025,283925,6.31
49302840,493025,284025,6.33
49302841,493025,284125,6.08
49302842,493025,284225,6.01
49302843,493025,284325,6.16
49302844,493025,284425,6.16
49302845,493025,284525,6.7
49302846,493025,284625,7.07
49302847,493025,284725,6.39
49302848,493025,284825,6.31
49302849,493025,284925,6.3
49302850,493025,285025,6.3
49302851,493025,285125,6.51
49302852,493025,285225,7.1
49302853,493025,285325,7.11
49302854,493025,285425,7.11
49302855,493025,285525,7.11
49302856,493025,285625,6.78
49302857,493025,285725,6.4
49302858,493025,285825,6.4
49302859,493025,285925,6.4
49302871,493025,287125,9.02
49302872,493025,287225,9.02
49312827,493125,282725,6.35
49312828,493125,282825,6.36
49312829,493125,282925,6.35
49312830,493125,283025,6.35
49312831,493125,283125,6.35
49312832,493125,283225,6.35
49312833,493125,283325,6.08
49312834,493125,283425,6.08
49312835,493125,283525,6.08
49312836,493125,283625,6.09
49312837,493125,283725,6.18
49312838,493125,283825,6.12
49312839,493125,283925,6.12
49312840,493125,284025,6.13
49312841,493125,284125,6.13
49312842,493125,284225,6.12
49312843,493125,284325,6.16
49312844,493125,284425,6.16
49312845,493125,284525,6.35
49312846,493125,284625,6.56
49312847,493125,284725,6.3
49312848,493125,284825,6.3
49312849,493125,284925,6.3
49312850,493125,285025,6.28
49312851,493125,285125,7.1
49312852,493125,285225,7.1
49312853,493125,285325,7.1
49312854,493125,285425,7.11
49312855,493125,285525,7.11
49312856,493125,285625,6.6
49312857,493125,285725,6.4
49312858,493125,285825,6.4
49312859,493125,285925,6.4
49312860,493125,286025,6.4
49322827,493225,282725,6.35
49322828,493225,282825,6.35
49322829,493225,282925,6.35
49322830,493225,283025,6.36
49322831,493225,283125,6.32
49322832,493225,283225,5.95
49322833,493225,283325,5.89
49322834,493225,283425,5.89
49322835,493225,283525,5.89
49322836,493225,283625,6.07
49322837,493225,283725,6.07
49322838,493225,283825,6.09
49322839,493225,283925,6.13
49322840,493225,284025,6.13
49322841,493225,284125,6.03
49322842,493225,284225,5.91
49322843,493225,284325,5.91
49322844,493225,284425,6.18
49322845,493225,284525,6.38
49322846,493225,284625,6.38
49322847,493225,284725,6.38
49322848,493225,284825,6.39
49322849,493225,284925,6.46
49322850,493225,285025,6.46
49322851,493225,285125,7.11
49322852,493225,285225,7.11
49322853,493225,285325,7.1
49322854,493225,285425,7.1
49322855,493225,285525,7.11
49322856,493225,285625,6.4
49322857,493225,285725,6.4
49322858,493225,285825,6.4
49322859,493225,285925,6.4
49322860,493225,286025,6.4
49332827,493325,282725,6.34
49332828,493325,282825,6.35
49332829,493325,282925,6.35
49332830,493325,283025,6.34
49332831,493325,283125,6.33
49332832,493325,283225,5.89
49332833,493325,283325,5.89
49332834,493325,283425,5.89
49332835,493325,283525,5.92
49332836,493325,283625,6.07
49332837,493325,283725,6.07
49332838,493325,283825,6.14
49332839,493325,283925,6.19
49332840,493325,284025,6.19
49332841,493325,284125,6.04
49332842,493325,284225,5.91
49332843,493325,284325,5.91
49332844,493325,284425,6.24
49332845,493325,284525,6.38
49332846,493325,284625,6.38
49332847,493325,284725,6.38
49332848,493325,284825,6.46
49332849,493325,284925,6.46
49332850,493325,285025,6.46
49332851,493325,285125,7.1
49332852,493325,285225,7.1
49332853,493325,285325,7.11
49332854,493325,285425,7.1
49332855,493325,285525,6.96
49332856,493325,285625,6.4
49332857,493325,285725,6.4
49332858,493325,285825,6.4
49332859,493325,285925,6.4
49332860,493325,286025,6.4
49342826,493425,282625,6.29
49342827,493425,282725,6.29
49342828,493425,282825,6.29
49342829,493425,282925,6.29
49342830,493425,283025,6.29
49342831,493425,283125,6.23
49342832,493425,283225,5.89
49342833,493425,283325,5.89
49342834,493425,283425,5.92
49342835,493425,283525,5.99
49342836,493425,283625,6.01
49342837,493425,283725,6.01
49342838,493425,283825,6.1
49342839,493425,283925,6.19
49342840,493425,284025,6.19
49342841,493425,284125,6.16
49342842,493425,284225,5.91
49342843,493425,284325,6.02
49342844,493425,284425,5.82
49342845,493425,284525,5.26
49342846,493425,284625,6.2
49342847,493425,284725,6.2
49342848,493425,284825,6.46
49342849,493425,284925,6.46
49342850,493425,285025,6.51
49342851,493425,285125,7.09
49342852,493425,285225,7.11
49342853,493425,285325,7.12
49342854,493425,285425,7.11
49342855,493425,285525,6.73
49342856,493425,285625,6.4
49342857,493425,285725,6.39
49342858,493425,285825,6.38
49342859,493425,285925,6.4
49342860,493425,286025,6.4
49342861,493425,286125,6.15
49342862,493425,286225,6.4
49352825,493525,282525,7.03
49352826,493525,282625,7.02
49352827,493525,282725,7.02
49352828,493525,282825,7.03
49352829,493525,282925,7.03
49352830,493525,283025,7.04
49352831,493525,283125,7.03
49352832,493525,283225,6.0
49352833,493525,283325,5.94
49352834,493525,283425,5.99
49352835,493525,283525,5.99
49352836,493525,283625,5.99
49352837,493525,283725,5.99
49352838,493525,283825,6.03
49352839,493525,283925,6.19
49352840,493525,284025,6.19
49352841,493525,284125,6.16
49352842,493525,284225,6.09
49352843,493525,284325,6.09
49352844,493525,284425,5.74
49352845,493525,284525,5.25
49352846,493525,284625,5.75
49352847,493525,284725,5.99
49352848,493525,284825,6.29
49352849,493525,284925,6.46
49352850,493525,285025,6.5
49352851,493525,285125,7.18
49352852,493525,285225,7.16
49352853,493525,285325,7.18
49352854,493525,285425,6.61
49352855,493525,285525,6.38
49352856,493525,285625,6.39
49352857,493525,285725,6.4
49352858,493525,285825,6.38
49352859,493525,285925,6.4
49352860,493525,286025,6.14
49352861,493525,286125,6.12
49352862,493525,286225,6.37
49352863,493525,286325,6.38
49352864,493525,286425,6.38
49352868,493525,286825,6.14
49362824,493625,282425,7.04
49362825,493625,282525,7.04
49362826,493625,282625,7.03
49362827,493625,282725,7.03
49362828,493625,282825,7.03
49362829,493625,282925,7.03
49362830,493625,283025,7.03
49362831,493625,283125,7.03
49362832,493625,283225,7.03
49362833,493625,283325,6.36
49362834,493625,283425,6.06
49362835,493625,283525,6.0
49362836,493625,283625,5.99
49362837,493625,283725,6.28
49362838,493625,283825,6.76
49362839,493625,283925,6.7
49362840,493625,284025,6.04
49362841,493625,284125,6.04
49362842,493625,284225,6.07
49362843,493625,284325,6.09
49362844,493625,284425,5.67
49362845,493625,284525,5.26
49362846,493625,284625,5.93
49362847,493625,284725,5.96
49362848,493625,284825,5.59
49362849,493625,284925,5.56
49362850,493625,285025,5.78
49362851,493625,285125,5.9
49362852,493625,285225,6.18
49362853,493625,285325,6.43
49362854,493625,285425,6.38
49362855,493625,285525,6.38
49362856,493625,285625,6.39
49362857,493625,285725,6.39
49362858,493625,285825,6.38
49362859,493625,285925,6.24
49362860,493625,286025,6.12
49362861,493625,286125,6.11
49362862,493625,286225,6.23
49362863,493625,286325,6.37
49362864,493625,286425,6.38
49362865,493625,286525,6.38
49362866,493625,286625,6.34
49362867,493625,286725,6.14
49362868,493625,286825,6.13
49362887,493625,288725,7.12
49362888,493625,288825,7.11
49372825,493725,282525,7.03
49372826,493725,282625,7.03
49372827,493725,282725,7.03
49372828,493725,282825,7.03
49372829,493725,282925,7.03
49372830,493725,283025,7.03
49372831,493725,283125,7.02
49372832,493725,283225,7.03
49372833,493725,283325,6.27
49372834,493725,283425,6.3
49372835,493725,283525,6.26
49372836,493725,283625,6.68
49372837,493725,283725,6.76
49372838,493725,283825,6.76
49372839,493725,283925,6.74
49372840,493725,284025,6.04
49372841,493725,284125,6.04
49372842,493725,284225,6.04
49372843,493725,284325,6.08
49372844,493725,284425,5.9
49372845,493725,284525,5.25
49372846,493725,284625,5.67
49372847,493725,284725,5.53
49372848,493725,284825,6.12
49372849,493725,284925,6.33
49372850,493725,285025,5.78
49372851,493725,285125,5.71
49372852,493725,285225,5.77
49372853,493725,285325,6.38
49372854,493725,285425,6.38
49372855,493725,285525,6.38
49372856,493725,285625,6.39
49372857,493725,285725,6.33
49372858,493725,285825,6.4
49372859,493725,285925,6.12
49372860,493725,286025,6.11
49372861,493725,286125,6.12
49372862,493725,286225,6.15
49372863,493725,286325,6.38
49372864,493725,286425,6.38
49372865,493725,286525,6.38
49372866,493725,286625,6.24
49372867,493725,286725,6.13
49372868,493725,286825,6.13
49372887,493725,288725,7.13
49372888,493725,288825,7.13
49382826,493825,282625,7.03
49382827,493825,282725,7.03
49382828,493825,282825,7.03
49382829,493825,282925,7.03
49382830,493825,283025,7.03
49382831,493825,283125,7.03
49382832,493825,283225,7.04
49382833,493825,283325,6.8
49382834,493825,283425,6.3
49382835,493825,283525,6.25
49382836,493825,283625,6.26
49382837,493825,283725,6.76
49382838,493825,283825,6.76
49382839,493825,283925,6.76
49382840,493825,284025,6.69
49382841,493825,284125,6.04
49382842,493825,284225,5.93
49382843,493825,284325,5.88
49382844,493825,284425,5.88
49382845,493825,284525,5.42
49382846,493825,284625,5.5
49382847,493825,284725,6.31
49382848,493825,284825,6.34
49382849,493825,284925,6.34
49382850,493825,285025,6.23
49382851,493825,285125,5.77
49382852,493825,285225,5.78
49382853,493825,285325,6.39
49382854,493825,285425,6.39
49382855,493825,285525,6.39
49382856,493825,285625,6.39
49382857,493825,285725,6.39
49382858,493825,285825,6.26
49382859,493825,285925,6.12
49382860,493825,286025,6.12
49382861,493825,286125,6.14
49382862,493825,286225,6.21
49382863,493825,286325,6.21
49382864,493825,286425,6.24
49382865,493825,286525,6.09
49382866,493825,286625,6.0
49382867,493825,286725,6.03
49382868,493825,286825,5.6
49382869,493825,286925,5.46
49382887,493825,288725,7.13
49382888,493825,288825,7.13
49392827,493925,282725,7.03
49392828,493925,282825,7.03
49392829,493925,282925,7.03
49392830,493925,283025,7.03
49392831,493925,283125,7.03
49392832,493925,283225,7.05
49392833,493925,283325,6.72
49392834,493925,283425,6.24
49392835,493925,283525,6.24
49392836,493925,283625,6.24
49392837,493925,283725,6.64
49392838,493925,283825,6.83
49392839,493925,283925,7.09
49392840,493925,284025,7.09
49392841,493925,284125,7.04
49392842,493925,284225,5.87
49392843,493925,284325,5.89
49392844,493925,284425,5.89
49392845,493925,284525,5.88
49392846,493925,284625,6.04
49392847,493925,284725,6.18
49392848,493925,284825,6.25
49392849,493925,284925,6.2
49392850,493925,285025,6.06
49392851,493925,285125,5.54
49392852,493925,285225,5.92
49392853,493925,285325,6.47
49392854,493925,285425,6.51
49392855,493925,285525,6.38
49392856,493925,285625,6.38
49392857,493925,285725,6.38
49392858,493925,285825,6.18
49392859,493925,285925,6.12
49392860,493925,286025,6.12
49392861,493925,286125,6.2
49392862,493925,286225,6.21
49392863,493925,286325,6.21
49392864,493925,286425,6.2
49392865,493925,286525,5.89
49392866,493925,286625,5.81
49392867,493925,286725,5.78
49392868,493925,286825,5.79
49392888,493925,288825,7.13
49402828,494025,282825,7.03
49402829,494025,282925,7.03
49402830,494025,283025,7.03
49402831,494025,283125,7.03
49402832,494025,283225,7.04
49402833,494025,283325,6.5
49402834,494025,283425,6.24
49402835,494025,283525,6.24
49402836,494025,283625,6.23
49402837,494025,283725,6.74
49402838,494025,283825,7.09
49402839,494025,283925,7.09
49402840,494025,284025,7.09
49402841,494025,284125,7.09
49402842,494025,284225,6.4
49402843,494025,284325,6.49
49402844,494025,284425,6.42
49402845,494025,284525,6.41
49402846,494025,284625,5.84
49402847,494025,284725,5.88
49402848,494025,284825,5.89
49402849,494025,284925,5.85
49402850,494025,285025,5.38
49402851,494025,285125,5.23
49402852,494025,285225,6.34
49402853,494025,285325,6.58
49402854,494025,285425,6.58
49402855,494025,285525,6.58
49402856,494025,285625,6.51
49402857,494025,285725,6.37
49402858,494025,285825,6.37
49402859,494025,285925,6.37
49402860,494025,286025,6.21
49402861,494025,286125,6.21
49402862,494025,286225,6.2
49402863,494025,286325,6.21
49402864,494025,286425,6.13
49402865,494025,286525,5.99
49402866,494025,286625,5.99
49402867,494025,286725,6.0
49402868,494025,286825,5.89
49402869,494025,286925,5.84
49402889,494025,288925,7.13
49412829,494125,282925,6.98
49412830,494125,283025,7.04
49412831,494125,283125,7.03
49412832,494125,283225,6.61
49412833,494125,283325,6.56
49412834,494125,283425,6.41
49412835,494125,283525,7.0
49412836,494125,283625,6.78
49412837,494125,283725,6.79
49412838,494125,283825,6.83
49412839,494125,283925,7.09
49412840,494125,284025,7.09
49412841,494125,284125,7.09
49412842,494125,284225,6.53
49412843,494125,284325,6.53
49412844,494125,284425,6.53
49412845,494125,284525,6.42
49412846,494125,284625,6.2
49412847,494125,284725,5.93
49412848,494125,284825,5.83
49412849,494125,284925,5.43
49412850,494125,285025,5.23
49412851,494125,285125,5.23
49412852,494125,285225,5.67
49412853,494125,285325,6.58
49412854,494125,285425,6.58
49412855,494125,285525,6.58
49412856,494125,285625,6.4
49412857,494125,285725,6.37
49412858,494125,285825,6.37
49412859,494125,285925,6.37
49412860,494125,286025,6.17
49412861,494125,286125,6.13
49412862,494125,286225,6.18
49412863,494125,286325,6.32
49412864,494125,286425,6.33
49412865,494125,286525,6.16
49412866,494125,286625,5.98
49412867,494125,286725,5.98
49412868,494125,286825,6.07
49412869,494125,286925,5.94
49412889,494125,288925,7.13
49422829,494225,282925,6.94
49422830,494225,283025,6.47
49422831,494225,283125,5.62
49422832,494225,283225,6.53
49422833,494225,283325,6.53
49422834,494225,283425,6.51
49422835,494225,283525,6.95
49422836,494225,283625,6.83
49422837,494225,283725,6.79
49422838,494225,283825,6.79
49422839,494225,283925,6.85
49422840,494225,284025,7.09
49422841,494225,284125,6.74
49422842,494225,284225,6.53
49422843,494225,284325,6.53
49422844,494225,284425,6.43
49422845,494225,284525,6.2
49422846,494225,284625,6.2
49422847,494225,284725,6.2
49422848,494225,284825,6.02
49422849,494225,284925,5.78
49422850,494225,285025,5.76
49422851,494225,285125,5.23
49422852,494225,285225,5.75
49422853,494225,285325,6.4
49422854,494225,285425,5.98
49422855,494225,285525,6.28
49422856,494225,285625,6.37
49422857,494225,285725,6.37
49422858,494225,285825,6.37
49422859,494225,285925,6.37
49422860,494225,286025,6.1
49422861,494225,286125,6.09
49422862,494225,286225,6.09
49422863,494225,286325,6.33
49422864,494225,286425,6.32
49422865,494225,286525,6.31
49422866,494225,286625,6.27
49422867,494225,286725,5.96
49422869,494225,286925,5.99
49422890,494225,289025,6.92
49432827,494325,282725,6.92
49432828,494325,282825,6.95
49432829,494325,282925,6.53
49432830,494325,283025,6.43
49432831,494325,283125,5.23
49432832,494325,283225,6.53
49432833,494325,283325,6.53
49432834,494325,283425,6.52
49432835,494325,283525,6.99
49432836,494325,283625,7.04
49432837,494325,283725,6.79
49432838,494325,283825,6.79
49432839,494325,283925,6.79
49432840,494325,284025,6.79
49432841,494325,284125,6.52
49432842,494325,284225,6.39
49432843,494325,284325,6.37
49432844,494325,284425,6.22
49432845,494325,284525,6.2
49432846,494325,284625,6.2
49432847,494325,284725,6.2
49432848,494325,284825,6.68
49432849,494325,284925,6.68
49432850,494325,285025,6.68
49432851,494325,285125,5.85
49432852,494325,285225,5.76
49432853,494325,285325,5.81
49432854,494325,285425,5.83
49432855,494325,285525,5.83
49432856,494325,285625,6.37
49432857,494325,285725,6.37
49432858,494325,285825,6.37
49432859,494325,285925,6.29
49432860,494325,286025,6.09
49432861,494325,286125,6.09
49432862,494325,286225,6.09
49432863,494325,286325,6.33
49432864,494325,286425,6.33
49432865,494325,286525,6.33
49432866,494325,286625,6.32
49432867,494325,286725,6.22
49432891,494325,289125,6.13
49442827,494425,282725,6.91
49442828,494425,282825,6.93
49442829,494425,282925,6.5
49442830,494425,283025,6.43
49442831,494425,283125,5.21
49442832,494425,283225,5.61
49442833,494425,283325,6.52
49442834,494425,283425,6.43
49442835,494425,283525,6.97
49442836,494425,283625,7.06
49442837,494425,283725,6.93
49442838,494425,283825,6.83
49442839,494425,283925,6.8
49442840,494425,284025,6.76
49442841,494425,284125,6.26
49442842,494425,284225,6.26
49442843,494425,284325,6.26
49442844,494425,284425,6.26
49442845,494425,284525,6.2
49442846,494425,284625,6.2
49442847,494425,284725,6.2
49442848,494425,284825,6.68
49442849,494425,284925,6.68
49442850,494425,285025,6.68
49442851,494425,285125,5.85
49442852,494425,285225,5.84
49442853,494425,285325,5.83
49442854,494425,285425,6.05
49442855,494425,285525,6.27
49442856,494425,285625,6.39
49442857,494425,285725,6.37
49442858,494425,285825,6.37
49442859,494425,285925,6.19
49442860,494425,286025,6.12
49442861,494425,286125,6.09
49442862,494425,286225,6.09
49442863,494425,286325,6.14
49442864,494425,286425,6.33
49442865,494425,286525,6.33
49442866,494425,286625,6.33
49442867,494425,286725,6.27
49442891,494425,289125,6.13
49442892,494425,289225,6.13
49452826,494525,282625,6.95
49452827,494525,282725,6.95
49452828,494525,282825,6.95
49452829,494525,282925,6.43
49452830,494525,283025,6.43
49452831,494525,283125,5.22
49452832,494525,283225,5.44
49452833,494525,283325,8.27
49452834,494525,283425,8.28
49452835,494525,283525,7.12
49452836,494525,283625,6.98
49452837,494525,283725,6.99
49452838,494525,283825,6.95
49452839,494525,283925,6.88
49452840,494525,284025,6.64
49452841,494525,284125,6.26
49452842,494525,284225,6.26
49452843,494525,284325,6.26
49452844,494525,284425,6.26
49452845,494525,284525,6.25
49452846,494525,284625,6.2
49452847,494525,284725,6.28
49452848,494525,284825,6.68
49452849,494525,284925,6.68
49452850,494525,285025,6.68
49452851,494525,285125,5.85
49452852,494525,285225,5.84
49452853,494525,285325,6.14
49452854,494525,285425,6.43
49452855,494525,285525,6.43
49452856,494525,285625,7.21
49452857,494525,285725,7.03
49452858,494525,285825,6.28
49452859,494525,285925,6.19
49452860,494525,286025,6.17
49452861,494525,286125,6.14
49452862,494525,286225,6.11
49452863,494525,286325,6.23
49452864,494525,286425,6.46
49452865,494525,286525,6.42
49452866,494525,286625,6.33
49452891,494525,289125,6.13
49452892,494525,289225,6.13
49452893,494525,289325,6.14
49462826,494625,282625,6.95
49462827,494625,282725,6.95
49462828,494625,282825,6.53
49462829,494625,282925,6.43
49462830,494625,283025,6.43
49462831,494625,283125,5.42
49462832,494625,283225,6.98
49462833,494625,283325,8.36
49462834,494625,283425,8.37
49462835,494625,283525,7.6
49462836,494625,283625,6.98
49462837,494625,283725,6.99
49462838,494625,283825,6.98
49462839,494625,283925,6.56
49462840,494625,284025,6.25
49462841,494625,284125,6.48
49462842,494625,284225,6.46
49462843,494625,284325,6.42
49462844,494625,284425,6.26
49462845,494625,284525,6.05
49462846,494625,284625,5.94
49462847,494625,284725,5.93
49462848,494625,284825,6.24
49462849,494625,284925,6.68
49462850,494625,285025,6.68
49462851,494625,285125,5.85
49462852,494625,285225,6.21
49462853,494625,285325,6.42
49462854,494625,285425,6.43
49462855,494625,285525,6.98
49462856,494625,285625,7.22
49462857,494625,285725,6.65
49462858,494625,285825,6.28
49462859,494625,285925,6.25
49462860,494625,286025,6.17
49462861,494625,286125,6.17
49462862,494625,286225,6.27
49462863,494625,286325,6.57
49462864,494625,286425,6.57
49462865,494625,286525,6.48
49462866,494625,286625,6.54
49462867,494625,286725,6.56
49462890,494625,289025,6.13
49462891,494625,289125,6.13
49462892,494625,289225,6.13
49462893,494625,289325,6.14
49472827,494725,282725,6.95
49472828,494725,282825,6.47
49472829,494725,282925,6.43
49472830,494725,283025,7.02
49472831,494725,283125,8.02
49472832,494725,283225,8.02
49472833,494725,283325,8.24
49472834,494725,283425,8.37
49472835,494725,283525,8.14
49472836,494725,283625,6.98
49472837,494725,283725,6.98
49472838,494725,283825,6.58
49472839,494725,283925,5.85
49472840,494725,284025,5.85
49472841,494725,284125,6.69
49472842,494725,284225,6.48
49472843,494725,284325,6.48
49472844,494725,284425,6.29
49472845,494725,284525,5.94
49472846,494725,284625,5.94
49472847,494725,284725,5.93
49472848,494725,284825,5.94
49472849,494725,284925,6.07
49472850,494725,285025,5.85
49472851,494725,285125,5.85
49472852,494725,285225,5.85
49472853,494725,285325,6.31
49472854,494725,285425,7.04
49472855,494725,285525,6.48
49472856,494725,285625,6.45
49472857,494725,285725,6.39
49472858,494725,285825,6.31
49472859,494725,285925,6.34
49472860,494725,286025,6.29
49472861,494725,286125,6.52
49472862,494725,286225,6.57
49472863,494725,286325,6.56
49472864,494725,286425,6.54
49472865,494725,286525,6.54
49472866,494725,286625,6.56
49472867,494725,286725,6.56
49472868,494725,286825,6.56
49472874,494725,287425,6.25
49472875,494725,287525,6.25
49472890,494725,289025,6.13
49472891,494725,289125,6.13
49472892,494725,289225,6.13
49472893,494725,289325,6.14
49482828,494825,282825,6.43
49482829,494825,282925,6.98
49482830,494825,283025,8.01
49482831,494825,283125,8.01
49482832,494825,283225,7.97
49482833,494825,283325,8.02
49482834,494825,283425,8.02
49482835,494825,283525,8.1
49482836,494825,283625,6.85
49482837,494825,283725,6.54
49482838,494825,283825,5.69
49482839,494825,283925,5.85
49482840,494825,284025,5.84
49482841,494825,284125,7.09
49482842,494825,284225,6.58
49482843,494825,284325,6.46
49482844,494825,284425,6.02
49482845,494825,284525,5.94
49482846,494825,284625,5.94
49482847,494825,284725,5.94
49482848,494825,284825,6.09
49482849,494825,284925,6.19
49482850,494825,285025,5.86
49482851,494825,285125,5.85
49482852,494825,285225,5.85
49482853,494825,285325,5.85
49482854,494825,285425,5.96
49482855,494825,285525,5.96
49482856,494825,285625,5.96
49482857,494825,285725,6.16
49482858,494825,285825,6.33
49482859,494825,285925,6.34
49482860,494825,286025,6.59
49482861,494825,286125,6.75
49482862,494825,286225,6.69
49482863,494825,286325,6.55
49482864,494825,286425,6.55
49482865,494825,286525,6.56
49482866,494825,286625,6.56
49482867,494825,286725,6.56
49482868,494825,286825,5.15
49482869,494825,286925,4.68
49482870,494825,287025,4.68
49482871,494825,287125,6.25
49482872,494825,287225,6.25
49482873,494825,287325,6.25
49482874,494825,287425,6.25
49482875,494825,287525,6.25
49482880,494825,288025,6.24
49482881,494825,288125,6.12
49482882,494825,288225,6.44
49482890,494825,289025,6.13
49482891,494825,289125,6.13
49482892,494825,289225,6.13
49482893,494825,289325,6.13
49482894,494825,289425,6.13
49492830,494925,283025,7.96
49492831,494925,283125,7.95
49492833,494925,283325,7.95
49492834,494925,283425,5.91
49492835,494925,283525,5.94
49492836,494925,283625,5.94
49492837,494925,283725,5.87
49492838,494925,283825,5.86
49492839,494925,283925,5.82
49492840,494925,284025,5.84
49492841,494925,284125,7.05
49492842,494925,284225,6.58
49492843,494925,284325,6.39
49492844,494925,284425,5.69
49492845,494925,284525,5.44
49492846,494925,284625,5.45
49492847,494925,284725,6.27
49492848,494925,284825,6.28
49492849,494925,284925,6.28
49492850,494925,285025,5.85
49492851,494925,285125,5.85
49492852,494925,285225,5.85
49492853,494925,285325,5.85
49492854,494925,285425,5.96
49492855,494925,285525,5.98
49492856,494925,285625,5.98
49492857,494925,285725,6.08
49492858,494925,285825,6.42
49492859,494925,285925,6.34
49492860,494925,286025,6.75
49492861,494925,286125,6.75
49492862,494925,286225,6.74
49492863,494925,286325,6.49
49492864,494925,286425,6.57
49492865,494925,286525,6.57
49492866,494925,286625,6.22
49492867,494925,286725,5.16
49492868,494925,286825,4.68
49492869,494925,286925,4.68
49492870,494925,287025,4.67
49492871,494925,287125,6.25
49492872,494925,287225,6.25
49492873,494925,287325,6.25
49492874,494925,287425,6.25
49492875,494925,287525,6.25
49492876,494925,287625,6.45
49492878,494925,287825,6.12
49492879,494925,287925,6.25
49492881,494925,288125,6.37
49492882,494925,288225,6.13
49492890,494925,289025,6.13
49492891,494925,289125,6.13
49492892,494925,289225,6.13
49492893,494925,289325,6.13
49492894,494925,289425,6.14
49502834,495025,283425,5.96
49502835,495025,283525,5.92
49502836,495025,283625,5.94
49502837,495025,283725,5.91
49502838,495025,283825,5.85
49502839,495025,283925,5.84
49502840,495025,284025,5.84
49502841,495025,284125,6.94
49502842,495025,284225,6.61
49502843,495025,284325,6.43
49502844,495025,284425,6.01
49502845,495025,284525,5.44
49502846,495025,284625,6.24
49502847,495025,284725,6.27
49502848,495025,284825,6.27
49502849,495025,284925,6.28
49502850,495025,285025,6.33
49502851,495025,285125,6.33
49502852,495025,285225,6.33
49502853,495025,285325,6.34
49502854,495025,285425,6.37
49502855,495025,285525,5.98
49502856,495025,285625,6.0
49502857,495025,285725,6.42
49502858,495025,285825,6.42
49502859,495025,285925,6.42
49502860,495025,286025,6.75
49502861,495025,286125,6.7
49502862,495025,286225,6.58
49502863,495025,286325,6.42
49502864,495025,286425,6.41
49502865,495025,286525,6.46
49502866,495025,286625,4.67
49502867,495025,286725,4.61
49502868,495025,286825,4.59
49502869,495025,286925,4.5
49502870,495025,287025,5.96
49502871,495025,287125,6.22
49502872,495025,287225,6.25
49502873,495025,287325,6.35
49502874,495025,287425,6.25
49502875,495025,287525,6.25
49502876,495025,287625,6.45
49502877,495025,287725,6.45
49502891,495025,289125,6.13
49502892,495025,289225,6.13
49502893,495025,289325,6.15
49512835,495125,283525,5.95
49512836,495125,283625,5.94
49512837,495125,283725,5.93
49512838,495125,283825,5.86
49512839,495125,283925,5.84
49512840,495125,284025,6.38
49512841,495125,284125,6.64
49512842,495125,284225,6.49
49512843,495125,284325,6.51
49512844,495125,284425,6.51
49512845,495125,284525,6.49
49512846,495125,284625,6.4
49512847,495125,284725,6.28
49512848,495125,284825,6.3
49512849,495125,284925,6.29
49512850,495125,285025,6.33
49512851,495125,285125,6.33
49512852,495125,285225,6.33
49512853,495125,285325,6.7
49512854,495125,285425,7.07
49512855,495125,285525,6.09
49512856,495125,285625,6.02
49512857,495125,285725,6.42
49512858,495125,285825,6.42
49512859,495125,285925,6.42
49512860,495125,286025,6.53
49512861,495125,286125,6.42
49512862,495125,286225,6.38
49512863,495125,286325,6.39
49512864,495125,286425,6.34
49512865,495125,286525,4.7
49512866,495125,286625,4.62
49512867,495125,286725,4.53
49512868,495125,286825,4.22
49512869,495125,286925,4.1
49512870,495125,287025,6.23
49512871,495125,287125,6.25
49512872,495125,287225,6.25
49512873,495125,287325,6.26
49512874,495125,287425,6.27
49512875,495125,287525,6.37
49512876,495125,287625,6.43
49512877,495125,287725,6.43
49512878,495125,287825,6.45
49512879,495125,287925,6.45
49512880,495125,288025,6.46
49512881,495125,288125,6.21
49512891,495125,289125,6.13
49512892,495125,289225,6.18
49512893,495125,289325,6.45
49522835,495225,283525,5.94
49522836,495225,283625,5.94
49522837,495225,283725,5.95
49522838,495225,283825,6.11
49522839,495225,283925,6.47
49522840,495225,284025,6.47
49522841,495225,284125,6.59
49522842,495225,284225,6.55
49522843,495225,284325,6.51
49522844,495225,284425,6.5
49522845,495225,284525,6.49
49522846,495225,284625,6.48
49522847,495225,284725,6.46
49522848,495225,284825,6.31
49522849,495225,284925,6.27
49522850,495225,285025,6.39
49522851,495225,285125,6.54
49522852,495225,285225,7.07
49522853,495225,285325,7.07
49522854,495225,285425,7.07
49522855,495225,285525,7.07
49522856,495225,285625,6.8
49522857,495225,285725,6.42
49522858,495225,285825,6.46
49522859,495225,285925,6.52
49522860,495225,286025,6.48
49522861,495225,286125,6.38
49522862,495225,286225,6.42
49522863,495225,286325,6.42
49522864,495225,286425,6.43
49522865,495225,286525,4.63
49522866,495225,286625,4.64
49522867,495225,286725,4.59
49522868,495225,286825,4.51
49522869,495225,286925,5.69
49522870,495225,287025,6.23
49522871,495225,287125,6.24
49522872,495225,287225,6.24
49522873,495225,287325,6.3
49522874,495225,287425,6.25
49522875,495225,287525,6.73
49522876,495225,287625,6.4
49522877,495225,287725,6.42
49522878,495225,287825,6.43
49522879,495225,287925,6.45
49522880,495225,288025,6.45
49522881,495225,288125,6.45
49522882,495225,288225,6.45
49522891,495225,289125,5.84
49522892,495225,289225,5.9
49522893,495225,289325,6.48
49532835,495325,283525,5.92
49532836,495325,283625,5.38
49532837,495325,283725,5.63
49532838,495325,283825,6.47
49532839,495325,283925,6.47
49532840,495325,284025,6.47
49532841,495325,284125,6.47
49532842,495325,284225,6.59
49532843,495325,284325,6.59
49532844,495325,284425,6.66
49532845,495325,284525,6.61
49532846,495325,284625,6.55
49532847,495325,284725,6.69
49532848,495325,284825,6.69
49532849,495325,284925,6.67
49532850,495325,285025,6.83
49532851,495325,285125,7.07
49532852,495325,285225,7.07
49532853,495325,285325,7.07
49532854,495325,285425,7.07
49532855,495325,285525,7.07
49532856,495325,285625,6.88
49532857,495325,285725,6.71
49532858,495325,285825,6.71
49532859,495325,285925,6.7
49532860,495325,286025,6.71
49532861,495325,286125,6.42
49532862,495325,286225,6.42
49532863,495325,286325,6.42
49532864,495325,286425,6.42
49532865,495325,286525,4.51
49532866,495325,286625,4.61
49532867,495325,286725,4.66
49532868,495325,286825,4.67
49532869,495325,286925,6.11
49532870,495325,287025,6.23
49532871,495325,287125,6.26
49532872,495325,287225,6.26
49532873,495325,287325,6.22
49532874,495325,287425,6.79
49532875,495325,287525,6.8
49532876,495325,287625,6.41
49532877,495325,287725,6.41
49532878,495325,287825,6.42
49532879,495325,287925,6.44
49532880,495325,288025,6.44
49532881,495325,288125,6.44
49532882,495325,288225,6.45
49532883,495325,288325,6.45
49532890,495325,289025,5.85
49532891,495325,289125,5.85
49532892,495325,289225,5.87
49532893,495325,289325,5.88
49542835,495425,283525,5.94
49542836,495425,283625,5.96
49542837,495425,283725,6.94
49542838,495425,283825,6.67
49542839,495425,283925,6.47
49542840,495425,284025,6.47
49542841,495425,284125,6.47
49542842,495425,284225,6.49
49542843,495425,284325,6.39
49542844,495425,284425,5.74
49542845,495425,284525,5.74
49542846,495425,284625,7.03
49542847,495425,284725,7.03
49542848,495425,284825,6.94
49542849,495425,284925,6.73
49542850,495425,285025,6.61
49542851,495425,285125,6.81
49542852,495425,285225,6.81
49542853,495425,285325,6.88
49542854,495425,285425,6.87
49542855,495425,285525,6.86
49542856,495425,285625,6.71
49542857,495425,285725,6.7
49542858,495425,285825,6.71
49542859,495425,285925,6.7
49542860,495425,286025,6.71
49542861,495425,286125,6.71
49542863,495425,286325,6.32
49542864,495425,286425,6.44
49542865,495425,286525,4.06
49542866,495425,286625,4.62
49542867,495425,286725,4.66
49542868,495425,286825,4.67
49542869,495425,286925,6.23
49542870,495425,287025,6.23
49542871,495425,287125,6.26
49542872,495425,287225,6.27
49542873,495425,287325,6.65
49542874,495425,287425,6.8
49542875,495425,287525,6.79
49542876,495425,287625,6.76
49542877,495425,287725,6.4
49542878,495425,287825,6.4
49542879,495425,287925,6.44
49542880,495425,288025,6.44
49542881,495425,288125,6.44
49542882,495425,288225,6.44
49542883,495425,288325,6.45
49542890,495425,289025,5.86
49542891,495425,289125,5.87
49552834,495525,283425,6.35
49552835,495525,283525,6.14
49552836,495525,283625,7.12
49552837,495525,283725,7.11
49552838,495525,283825,7.12
49552839,495525,283925,7.12
49552840,495525,284025,6.85
49552841,495525,284125,6.6
49552842,495525,284225,6.47
49552843,495525,284325,5.74
49552844,495525,284425,5.73
49552845,495525,284525,5.74
49552846,495525,284625,7.02
49552847,495525,284725,7.01
49552848,495525,284825,6.83
49552849,495525,284925,6.48
49552850,495525,285025,6.48
49552851,495525,285125,6.62
49552852,495525,285225,6.62
49552853,495525,285325,6.62
49552854,495525,285425,6.62
49552855,495525,285525,6.62
49552856,495525,285625,6.57
49552857,495525,285725,6.64
49552858,495525,285825,6.71
49552859,495525,285925,6.72
49552860,495525,286025,6.71
49552861,495525,286125,6.73
49552862,495525,286225,6.75
49552863,495525,286325,6.47
49552864,495525,286425,6.47
49552865,495525,286525,6.71
49552866,495525,286625,6.7
49552867,495525,286725,5.63
49552868,495525,286825,6.04
49552869,495525,286925,6.23
49552870,495525,287025,6.36
49552871,495525,287125,6.42
49552872,495525,287225,6.41
49552873,495525,287325,6.8
49552874,495525,287425,6.8
49552875,495525,287525,6.8
49552876,495525,287625,6.75
49552877,495525,287725,6.41
49552878,495525,287825,6.41
49552879,495525,287925,6.34
49552880,495525,288025,6.43
49552881,495525,288125,6.41
49552882,495525,288225,6.44
49552889,495525,288925,4.61
49552890,495525,289025,5.88
49562834,495625,283425,6.45
49562835,495625,283525,6.46
49562836,495625,283625,6.87
49562837,495625,283725,7.11
49562838,495625,283825,7.12
49562839,495625,283925,7.1
49562840,495625,284025,7.12
49562841,495625,284125,7.12
49562842,495625,284225,6.97
49562843,495625,284325,6.88
49562844,495625,284425,5.74
49562845,495625,284525,5.74
49562846,495625,284625,6.91
49562847,495625,284725,6.74
49562848,495625,284825,6.48
49562849,495625,284925,6.48
49562850,495625,285025,6.48
49562851,495625,285125,6.28
49562852,495625,285225,6.59
49562853,495625,285325,6.62
49562854,495625,285425,6.62
49562855,495625,285525,6.6
49562856,495625,285625,6.57
49562857,495625,285725,6.49
49562858,495625,285825,6.51
49562859,495625,285925,6.57
49562860,495625,286025,6.57
49562861,495625,286125,6.57
49562862,495625,286225,6.53
49562863,495625,286325,6.47
49562864,495625,286425,6.47
49562865,495625,286525,6.61
49562866,495625,286625,6.7
49562867,495625,286725,6.71
49562868,495625,286825,6.7
49562869,495625,286925,6.5
49562870,495625,287025,6.49
49562871,495625,287125,6.49
49562872,495625,287225,6.49
49562873,495625,287325,6.8
49562874,495625,287425,6.8
49562875,495625,287525,6.8
49562876,495625,287625,6.8
49562877,495625,287725,6.44
49562878,495625,287825,6.29
49562879,495625,287925,6.29
49562880,495625,288025,6.3
49562881,495625,288125,6.31
49562888,495625,288825,4.61
49562889,495625,288925,4.61
49572832,495725,283225,6.46
49572833,495725,283325,6.45
49572834,495725,283425,6.46
49572835,495725,283525,6.44
49572836,495725,283625,6.35
49572837,495725,283725,6.29
49572838,495725,283825,6.58
49572839,495725,283925,6.36
49572840,495725,284025,6.64
49572841,495725,284125,6.91
49572842,495725,284225,6.97
49572843,495725,284325,6.97
49572844,495725,284425,6.7
49572845,495725,284525,5.85
49572846,495725,284625,5.98
49572847,495725,284725,6.31
49572848,495725,284825,6.48
49572849,495725,284925,6.48
49572850,495725,285025,6.3
49572851,495725,285125,6.18
49572852,495725,285225,6.35
49572853,495725,285325,6.62
49572854,495725,285425,6.62
49572855,495725,285525,6.54
49572856,495725,285625,6.57
49572857,495725,285725,6.43
49572858,495725,285825,6.37
49572859,495725,285925,6.57
49572860,495725,286025,6.57
49572861,495725,286125,6.35
49572862,495725,286225,6.32
49572863,495725,286325,6.47
49572864,495725,286425,6.47
49572865,495725,286525,6.54
49572866,495725,286625,6.71
49572867,495725,286725,6.7
49572868,495725,286825,6.71
49572869,495725,286925,6.62
49572870,495725,287025,6.49
49572871,495725,287125,6.49
49572872,495725,287225,6.49
49572873,495725,287325,6.8
49572874,495725,287425,6.8
49572875,495725,287525,6.8
49572876,495725,287625,6.8
49572877,495725,287725,6.56
49572878,495725,287825,6.31
49572879,495725,287925,6.31
49572880,495725,288025,6.32
49572881,495725,288125,6.36
49582832,495825,283225,6.46
49582833,495825,283325,6.45
49582834,495825,283425,6.43
49582835,495825,283525,6.44
49582836,495825,283625,6.67
49582837,495825,283725,6.35
49582838,495825,283825,6.3
49582839,495825,283925,6.3
49582840,495825,284025,6.3
49582841,495825,284125,6.77
49582842,495825,284225,6.97
49582843,495825,284325,6.97
49582844,495825,284425,6.97
49582845,495825,284525,5.91
49582846,495825,284625,5.75
49582847,495825,284725,5.75
49582848,495825,284825,6.19
49582849,495825,284925,6.41
49582850,495825,285025,6.25
49582851,495825,285125,6.1
49582852,495825,285225,6.18
49582853,495825,285325,6.18
49582854,495825,285425,6.57
49582855,495825,285525,6.74
49582856,495825,285625,6.61
49582857,495825,285725,6.5
49582858,495825,285825,6.25
49582859,495825,285925,5.89
49582860,495825,286025,6.28
49582861,495825,286125,6.28
49582862,495825,286225,6.43
49582863,495825,286325,6.47
49582864,495825,286425,6.47
49582865,495825,286525,6.47
49582866,495825,286625,6.66
49582867,495825,286725,6.71
49582868,495825,286825,6.71
49582869,495825,286925,6.54
49582870,495825,287025,6.48
49582871,495825,287125,6.48
49582872,495825,287225,6.49
49582873,495825,287325,6.8
49582874,495825,287425,6.76
49582875,495825,287525,6.56
49582876,495825,287625,6.18
49582877,495825,287725,6.15
49582878,495825,287825,5.99
49582879,495825,287925,6.07
49582880,495825,288025,5.92
49592832,495925,283225,6.4
49592833,495925,283325,6.46
49592834,495925,283425,6.43
49592835,495925,283525,6.42
49592836,495925,283625,6.78
49592837,495925,283725,6.78
49592838,495925,283825,6.53
49592839,495925,283925,6.35
49592840,495925,284025,6.3
49592841,495925,284125,6.69
49592842,495925,284225,6.97
49592843,495925,284325,6.97
49592844,495925,284425,6.27
49592845,495925,284525,6.24
49592846,495925,284625,6.04
49592847,495925,284725,5.88
49592848,495925,284825,6.41
49592849,495925,284925,6.41
49592850,495925,285025,6.26
49592851,495925,285125,5.76
49592852,495925,285225,6.16
49592853,495925,285325,6.31
49592854,495925,285425,6.41
49592855,495925,285525,7.07
49592856,495925,285625,6.6
49592857,495925,285725,6.32
49592858,495925,285825,5.73
49592859,495925,285925,5.73
49592860,495925,286025,6.28
49592861,495925,286125,6.38
49592862,495925,286225,6.65
49592863,495925,286325,6.49
49592864,495925,286425,6.47
49592865,495925,286525,6.47
49592866,495925,286625,6.58
49592867,495925,286725,6.71
49592868,495925,286825,6.53
49592869,495925,286925,6.25
49592870,495925,287025,6.42
49592871,495925,287125,6.23
49592872,495925,287225,6.35
49592873,495925,287325,6.18
49592874,495925,287425,6.18
49592875,495925,287525,6.18
49592876,495925,287625,6.17
49592877,495925,287725,6.17
49592879,495925,287925,7.77
49592880,495925,288025,7.98
49602831,496025,283125,6.71
49602832,496025,283225,6.71
49602833,496025,283325,6.37
49602834,496025,283425,6.44
49602835,496025,283525,6.61
49602836,496025,283625,6.78
49602837,496025,283725,6.78
49602838,496025,283825,6.78
49602839,496025,283925,6.78
49602840,496025,284025,6.37
49602841,496025,284125,6.87
49602842,496025,284225,6.95
49602843,496025,284325,6.54
49602844,496025,284425,6.26
49602845,496025,284525,6.25
49602846,496025,284625,6.28
49602847,496025,284725,6.54
49602848,496025,284825,6.51
49602849,496025,284925,6.28
49602850,496025,285025,6.09
49602851,496025,285125,5.92
49602852,496025,285225,6.33
49602853,496025,285325,6.35
49602854,496025,285425,6.3
49602855,496025,285525,6.33
49602856,496025,285625,6.28
49602857,496025,285725,6.28
49602858,496025,285825,5.84
49602859,496025,285925,5.73
49602860,496025,286025,6.29
49602861,496025,286125,6.65
49602862,496025,286225,6.65
49602863,496025,286325,6.57
49602864,496025,286425,6.47
49602865,496025,286525,6.54
49602866,496025,286625,6.69
49602867,496025,286725,6.41
49602868,496025,286825,6.19
49602869,496025,286925,6.14
49602870,496025,287025,6.08
49602871,496025,287125,6.08
49602872,496025,287225,6.11
49602873,496025,287325,6.21
49602874,496025,287425,6.18
49602875,496025,287525,6.18
49602876,496025,287625,6.18
49602877,496025,287725,6.17
49612830,496125,283025,6.76
49612831,496125,283125,6.71
49612832,496125,283225,6.71
49612833,496125,283325,6.55
49612834,496125,283425,6.48
49612835,496125,283525,6.56
49612836,496125,283625,6.65
49612837,496125,283725,6.79
49612838,496125,283825,6.78
49612839,496125,283925,6.78
49612840,496125,284025,7.19
49612841,496125,284125,7.14
49612842,496125,284225,6.6
49612843,496125,284325,6.46
49612844,496125,284425,6.29
49612845,496125,284525,6.02
49612846,496125,284625,6.2
49612847,496125,284725,6.7
49612848,496125,284825,6.46
49612849,496125,284925,5.94
49612850,496125,285025,6.05
49612851,496125,285125,6.24
49612852,496125,285225,6.36
49612853,496125,285325,6.36
49612854,496125,285425,6.29
49612855,496125,285525,6.29
49612856,496125,285625,6.28
49612857,496125,285725,6.28
49612858,496125,285825,6.28
49612859,496125,285925,5.73
49612860,496125,286025,6.65
49612861,496125,286125,6.64
49612862,496125,286225,6.65
49612863,496125,286325,6.65
49612864,496125,286425,6.51
49612865,496125,286525,6.7
49612866,496125,286625,6.69
49612867,496125,286725,6.39
49612868,496125,286825,6.19
49612869,496125,286925,6.14
49612870,496125,287025,6.08
49612871,496125,287125,6.08
49612872,496125,287225,6.14
49612873,496125,287325,6.23
49612874,496125,287425,6.22
49612875,496125,287525,6.18
49612876,496125,287625,6.18
49612877,496125,287725,6.16
49622830,496225,283025,7.11
49622831,496225,283125,7.11
49622832,496225,283225,6.34
49622833,496225,283325,6.34
49622834,496225,283425,6.44
49622835,496225,283525,6.56
49622836,496225,283625,6.56
49622837,496225,283725,6.66
49622838,496225,283825,6.78
49622839,496225,283925,7.2
49622840,496225,284025,7.19
49622841,496225,284125,7.19
49622842,496225,284225,6.49
49622843,496225,284325,6.52
49622844,496225,284425,6.25
49622845,496225,284525,5.98
49622846,496225,284625,5.98
49622847,496225,284725,6.63
49622848,496225,284825,5.68
49622849,496225,284925,5.92
49622850,496225,285025,6.15
49622851,496225,285125,6.82
49622852,496225,285225,6.4
49622853,496225,285325,6.41
49622854,496225,285425,6.36
49622855,496225,285525,6.29
49622856,496225,285625,6.28
49622857,496225,285725,6.28
49622858,496225,285825,6.28
49622859,496225,285925,6.51
49622860,496225,286025,6.65
49622861,496225,286125,6.62
49622862,496225,286225,6.54
49622863,496225,286325,6.41
49622864,496225,286425,6.08
49622865,496225,286525,6.43
49622866,496225,286625,6.69
49622867,496225,286725,6.37
49622868,496225,286825,6.19
49622869,496225,286925,6.14
49622870,496225,287025,6.08
49622871,496225,287125,6.12
49622872,496225,287225,6.3
49622873,496225,287325,6.23
49622874,496225,287425,6.24
49622875,496225,287525,6.22
49622876,496225,287625,6.21
49622877,496225,287725,6.69
49632830,496325,283025,7.11
49632831,496325,283125,6.6
49632832,496325,283225,6.33
49632833,496325,283325,6.33
49632834,496325,283425,6.41
49632835,496325,283525,6.56
49632836,496325,283625,6.56
49632837,496325,283725,6.56
49632838,496325,283825,7.03
49632839,496325,283925,7.19
49632840,496325,284025,7.19
49632841,496325,284125,6.61
49632842,496325,284225,6.4
49632843,496325,284325,6.35
49632844,496325,284425,6.21
49632845,496325,284525,5.16
49632846,496325,284625,4.27
49632847,496325,284725,4.16
49632848,496325,284825,5.54
49632849,496325,284925,6.28
49632850,496325,285025,6.61
49632851,496325,285125,7.12
49632852,496325,285225,6.89
49632853,496325,285325,6.53
49632854,496325,285425,6.52
49632855,496325,285525,6.52
49632856,496325,285625,6.28
49632857,496325,285725,6.28
49632858,496325,285825,6.43
49632859,496325,285925,5.26
49632860,496325,286025,5.28
49632861,496325,286125,6.08
49632862,496325,286225,6.33
49632863,496325,286325,6.33
49632864,496325,286425,6.23
49632865,496325,286525,6.09
49632866,496325,286625,6.1
49632867,496325,286725,6.33
49632868,496325,286825,6.19
49632869,496325,286925,6.14
49632870,496325,287025,6.33
49632871,496325,287125,6.64
49632872,496325,287225,6.42
49632873,496325,287325,6.23
49632874,496325,287425,6.23
49632875,496325,287525,6.23
49632876,496325,287625,7.42
49632877,496325,287725,9.88
49642830,496425,283025,7.11
49642831,496425,283125,5.71
49642832,496425,283225,6.33
49642833,496425,283325,6.31
49642834,496425,283425,6.3
49642835,496425,283525,6.41
49642836,496425,283625,6.56
49642837,496425,283725,6.48
49642838,496425,283825,6.3
49642839,496425,283925,7.19
49642840,496425,284025,7.18
49642841,496425,284125,7.19
49642842,496425,284225,6.38
49642843,496425,284325,6.66
49642844,496425,284425,6.72
49642845,496425,284525,6.22
49642846,496425,284625,4.52
49642847,496425,284725,4.18
49642848,496425,284825,6.13
49642849,496425,284925,6.62
49642850,496425,285025,6.7
49642851,496425,285125,6.58
49642852,496425,285225,6.58
49642853,496425,285325,6.53
49642854,496425,285425,6.51
49642855,496425,285525,6.5
49642856,496425,285625,6.5
49642857,496425,285725,6.14
49642858,496425,285825,5.58
49642859,496425,285925,5.57
49642860,496425,286025,5.32
49642861,496425,286125,6.08
49642862,496425,286225,6.33
49642863,496425,286325,6.33
49642864,496425,286425,6.33
49642865,496425,286525,6.08
49642866,496425,286625,6.09
49642867,496425,286725,6.09
49642868,496425,286825,6.19
49642869,496425,286925,6.46
49642870,496425,287025,6.62
49642871,496425,287125,6.62
49642872,496425,287225,6.64
49642873,496425,287325,6.23
49642874,496425,287425,6.23
49642875,496425,287525,6.23
49642876,496425,287625,7.23
49642877,496425,287725,9.91
49652831,496525,283125,3.48
49652832,496525,283225,6.21
49652833,496525,283325,6.04
49652834,496525,283425,6.01
49652835,496525,283525,6.17
49652836,496525,283625,6.48
49652837,496525,283725,6.3
49652838,496525,283825,6.3
49652839,496525,283925,6.79
49652840,496525,284025,7.12
49652841,496525,284125,7.21
49652842,496525,284225,6.9
49652843,496525,284325,7.11
49652844,496525,284425,7.12
49652845,496525,284525,5.82
49652846,496525,284625,5.85
49652847,496525,284725,5.83
49652848,496525,284825,6.2
49652849,496525,284925,7.01
49652850,496525,285025,7.0
49652851,496525,285125,7.06
49652852,496525,285225,7.26
49652853,496525,285325,7.29
49652854,496525,285425,6.51
49652855,496525,285525,6.51
49652856,496525,285625,6.51
49652857,496525,285725,6.12
49652858,496525,285825,5.56
49652859,496525,285925,5.56
49652860,496525,286025,5.42
49652861,496525,286125,6.08
49652862,496525,286225,6.34
49652863,496525,286325,6.33
49652864,496525,286425,6.33
49652865,496525,286525,6.21
49652866,496525,286625,6.08
49652867,496525,286725,6.07
49652868,496525,286825,6.07
49652869,496525,286925,6.62
49652870,496525,287025,6.63
49652871,496525,287125,6.62
49652872,496525,287225,6.48
49652873,496525,287325,6.32
49652874,496525,287425,6.24
49652875,496525,287525,6.27
49652876,496525,287625,7.35
49652877,496525,287725,9.9
49662830,496625,283025,3.51
49662831,496625,283125,3.52
49662832,496625,283225,6.39
49662833,496625,283325,6.43
49662834,496625,283425,6.03
49662835,496625,283525,6.1
49662836,496625,283625,6.31
49662837,496625,283725,6.1
49662838,496625,283825,6.3
49662839,496625,283925,6.48
49662840,496625,284025,6.44
49662841,496625,284125,6.32
49662842,496625,284225,6.13
49662843,496625,284325,6.61
49662844,496625,284425,6.63
49662845,496625,284525,6.16
49662846,496625,284625,6.13
49662847,496625,284725,6.15
49662848,496625,284825,5.86
49662849,496625,284925,6.24
49662850,496625,285025,6.31
49662851,496625,285125,7.02
49662852,496625,285225,7.43
49662853,496625,285325,7.43
49662854,496625,285425,6.51
49662855,496625,285525,6.51
49662856,496625,285625,7.21
49662857,496625,285725,7.42
49662858,496625,285825,5.85
49662859,496625,285925,5.43
49662860,496625,286025,5.42
49662861,496625,286125,5.42
49662862,496625,286225,6.33
49662863,496625,286325,6.33
49662864,496625,286425,6.28
49662865,496625,286525,6.18
49662866,496625,286625,5.98
49662867,496625,286725,6.33
49662868,496625,286825,7.03
49662869,496625,286925,6.64
49662870,496625,287025,6.62
49662871,496625,287125,6.39
49662872,496625,287225,6.3
49662873,496625,287325,6.33
49662874,496625,287425,6.3
49662875,496625,287525,6.26
49662876,496625,287625,6.28
49662877,496625,287725,8.09
49672830,496725,283025,5.93
49672831,496725,283125,5.92
49672832,496725,283225,6.15
49672833,496725,283325,6.64
49672834,496725,283425,6.64
49672835,496725,283525,6.34
49672836,496725,283625,6.09
49672837,496725,283725,6.12
49672838,496725,283825,6.25
49672839,496725,283925,6.3
49672840,496725,284025,5.94
49672841,496725,284125,6.31
49672842,496725,284225,5.79
49672843,496725,284325,6.33
49672844,496725,284425,6.24
49672845,496725,284525,6.13
49672846,496725,284625,6.09
49672847,496725,284725,6.1
49672848,496725,284825,6.43
49672849,496725,284925,6.26
49672850,496725,285025,6.77
49672851,496725,285125,6.87
49672852,496725,285225,7.43
49672853,496725,285325,7.43
49672854,496725,285425,7.18
49672855,496725,285525,7.57
49672856,496725,285625,7.44
49672857,496725,285725,7.44
49672858,496725,285825,7.43
49672859,496725,285925,5.67
49672860,496725,286025,5.58
49672862,496725,286225,5.75
49672863,496725,286325,5.97
49672864,496725,286425,5.98
49672865,496725,286525,5.99
49672866,496725,286625,5.96
49672867,496725,286725,7.07
49672868,496725,286825,7.05
49672869,496725,286925,7.08
49672870,496725,287025,6.52
49672871,496725,287125,6.33
49672872,496725,287225,6.32
49672873,496725,287325,6.33
49672874,496725,287425,6.33
49672875,496725,287525,6.28
49672876,496725,287625,6.28
49672877,496725,287725,6.3
49682830,496825,283025,5.92
49682831,496825,283125,5.97
49682832,496825,283225,6.13
49682833,496825,283325,6.64
49682834,496825,283425,6.61
49682835,496825,283525,6.58
49682836,496825,283625,6.07
49682837,496825,283725,6.1
49682838,496825,283825,6.58
49682839,496825,283925,6.9
49682840,496825,284025,6.34
49682841,496825,284125,6.34
49682842,496825,284225,6.53
49682843,496825,284325,7.05
49682844,496825,284425,6.71
49682845,496825,284525,6.58
49682846,496825,284625,6.51
49682847,496825,284725,6.3
49682848,496825,284825,6.32
49682849,496825,284925,6.59
49682850,496825,285025,6.7
49682851,496825,285125,6.7
49682852,496825,285225,6.75
49682853,496825,285325,6.74
49682854,496825,285425,6.76
49682855,496825,285525,7.49
49682856,496825,285625,7.43
49682857,496825,285725,7.47
49682858,496825,285825,7.44
49682859,496825,285925,5.78
49682860,496825,286025,5.78
49682861,496825,286125,5.71
49682862,496825,286225,5.7
49682863,496825,286325,5.92
49682864,496825,286425,5.98
49682865,496825,286525,5.98
49682866,496825,286625,6.99
49682867,496825,286725,7.04
49682868,496825,286825,7.07
49682869,496825,286925,7.08
49682870,496825,287025,7.03
49682871,496825,287125,6.32
49682872,496825,287225,6.34
49682873,496825,287325,6.27
49682874,496825,287425,6.33
49682875,496825,287525,6.28
49682876,496825,287625,6.34
49682877,496825,287725,6.31
49692830,496925,283025,7.02
49692831,496925,283125,6.75
49692832,496925,283225,6.75
49692833,496925,283325,6.75
49692834,496925,283425,6.58
49692835,496925,283525,6.58
49692836,496925,283625,6.35
49692837,496925,283725,6.07
49692838,496925,283825,6.66
49692839,496925,283925,6.99
49692840,496925,284025,6.55
49692841,496925,284125,6.2
49692842,496925,284225,6.49
49692843,496925,284325,6.65
49692844,496925,284425,6.65
49692845,496925,284525,6.68
49692846,496925,284625,6.62
49692847,496925,284725,6.43
49692848,496925,284825,6.32
49692849,496925,284925,6.58
49692850,496925,285025,6.23
49692851,496925,285125,6.46
49692852,496925,285225,6.5
49692853,496925,285325,6.46
49692854,496925,285425,6.37
49692855,496925,285525,6.71
49692856,496925,285625,7.48
49692857,496925,285725,7.45
49692858,496925,285825,6.46
49692859,496925,285925,6.02
49692860,496925,286025,5.78
49692861,496925,286125,5.78
49692862,496925,286225,5.78
49692863,496925,286325,6.21
49692864,496925,286425,6.14
49692865,496925,286525,6.1
49692866,496925,286625,7.1
49692867,496925,286725,7.06
49692868,496925,286825,7.08
49692869,496925,286925,6.52
49692870,496925,287025,5.99
49692871,496925,287125,6.17
49692872,496925,287225,6.17
49692873,496925,287325,6.21
49692874,496925,287425,6.25
49692875,496925,287525,6.26
49692876,496925,287625,6.3
49702830,497025,283025,7.05
49702831,497025,283125,6.75
49702832,497025,283225,6.68
49702833,497025,283325,6.6
49702834,497025,283425,6.59
49702835,497025,283525,6.58
49702836,497025,283625,6.58
49702837,497025,283725,6.74
49702838,497025,283825,6.75
49702839,497025,283925,6.73
49702840,497025,284025,6.13
49702841,497025,284125,6.04
49702842,497025,284225,6.01
49702843,497025,284325,5.91
49702844,497025,284425,5.93
49702845,497025,284525,6.02
49702846,497025,284625,6.35
49702847,497025,284725,6.43
49702848,497025,284825,6.46
49702849,497025,284925,6.54
49702850,497025,285025,6.47
49702851,497025,285125,6.42
49702852,497025,285225,6.45
49702853,497025,285325,6.37
49702854,497025,285425,6.37
49702855,497025,285525,6.37
49702856,497025,285625,6.4
49702857,497025,285725,7.31
49702858,497025,285825,6.57
49702859,497025,285925,6.53
49702860,497025,286025,6.5
49702861,497025,286125,5.9
49702862,497025,286225,6.08
49702863,497025,286325,6.21
49702864,497025,286425,6.21
49702865,497025,286525,6.3
49702866,497025,286625,7.11
49702867,497025,286725,7.07
49702868,497025,286825,6.54
49702869,497025,286925,5.84
49712830,497125,283025,7.03
49712831,497125,283125,6.63
49712838,497125,283825,7.73
49712839,497125,283925,7.03
49712840,497125,284025,6.23
49712841,497125,284125,6.18
49712842,497125,284225,6.08
49712843,497125,284325,6.1
49712844,497125,284425,6.1
49712845,497125,284525,6.01
49712846,497125,284625,6.37
49712847,497125,284725,6.43
49712848,497125,284825,6.51
49712849,497125,284925,6.54
49712850,497125,285025,6.48
49712851,497125,285125,6.42
49712852,497125,285225,6.31
49712853,497125,285325,6.15
49712854,497125,285425,6.15
49712855,497125,285525,6.15
49712856,497125,285625,6.68
49712857,497125,285725,7.13
49712858,497125,285825,6.58
49712859,497125,285925,6.54
49712860,497125,286025,6.5
49712861,497125,286125,6.5
49712862,497125,286225,6.26
49712863,497125,286325,6.21
49712864,497125,286425,5.94
49712865,497125,286525,5.77
49712866,497125,286625,5.81
49712867,497125,286725,6.11
49712868,497125,286825,5.85
49712869,497125,286925,5.83
49722839,497225,283925,7.17
49722840,497225,284025,6.26
49722841,497225,284125,6.27
49722842,497225,284225,6.28
49722843,497225,284325,6.33
49722844,497225,284425,6.35
49722845,497225,284525,6.38
49722846,497225,284625,6.43
49722847,497225,284725,6.43
49722848,497225,284825,6.05
49722849,497225,284925,6.03
49722850,497225,285025,6.27
49722851,497225,285125,6.47
49722852,497225,285225,6.46
49722853,497225,285325,6.32
49722854,497225,285425,6.14
49722855,497225,285525,6.29
49722857,497225,285725,6.99
49722858,497225,285825,6.58
49722859,497225,285925,6.54
49722860,497225,286025,6.5
49722861,497225,286125,6.5
49722862,497225,286225,6.2
49722863,497225,286325,5.76
49722864,497225,286425,5.76
49722865,497225,286525,5.62
49722866,497225,286625,5.41
49722867,497225,286725,5.41
49722868,497225,286825,6.21
49722869,497225,286925,5.8
49732838,497325,283825,6.44
49732839,497325,283925,6.57
49732840,497325,284025,6.42
49732841,497325,284125,6.43
49732842,497325,284225,6.45
49732843,497325,284325,6.41
49732844,497325,284425,6.47
49732845,497325,284525,6.61
49732846,497325,284625,6.43
49732847,497325,284725,6.05
49732848,497325,284825,5.99
49732849,497325,284925,5.99
49732850,497325,285025,6.1
49732851,497325,285125,6.5
49732852,497325,285225,6.48
49732853,497325,285325,6.45
49732854,497325,285425,6.45
49732855,497325,285525,6.4
49732856,497325,285625,6.38
49732857,497325,285725,6.43
49732858,497325,285825,6.94
49732859,497325,285925,6.63
49732860,497325,286025,6.64
49732861,497325,286125,6.69
49732862,497325,286225,6.69
49732863,497325,286325,6.12
49732864,497325,286425,5.86
49732865,497325,286525,5.88
49732866,497325,286625,5.78
49732867,497325,286725,5.49
49732868,497325,286825,6.32
49732869,497325,286925,6.06
49742837,497425,283725,6.49
49742838,497425,283825,6.53
49742839,497425,283925,6.54
49742840,497425,284025,6.42
49742841,497425,284125,6.43
49742842,497425,284225,6.45
49742843,497425,284325,6.46
49742844,497425,284425,6.72
49742845,497425,284525,6.72
49742846,497425,284625,6.25
49742847,497425,284725,5.99
49742848,497425,284825,5.99
49742849,497425,284925,6.02
49742850,497425,285025,6.45
49742851,497425,285125,6.48
49742852,497425,285225,6.52
49742853,497425,285325,6.33
49742854,497425,285425,6.3
49742855,497425,285525,6.2
49742856,497425,285625,6.31
49742857,497425,285725,6.39
49742858,497425,285825,6.02
49742859,497425,285925,6.36
49742860,497425,286025,6.69
49742861,497425,286125,6.69
49742862,497425,286225,6.69
49742863,497425,286325,6.14
49742864,497425,286425,5.95
49742865,497425,286525,5.94
49742866,497425,286625,5.93
49742867,497425,286725,5.44
49742868,497425,286825,6.32
49752838,497525,283825,6.49
49752841,497525,284125,6.46
49752842,497525,284225,6.45
49752843,497525,284325,6.45
49752844,497525,284425,6.57
49752845,497525,284525,6.66
49752846,497525,284625,5.98
49752847,497525,284725,5.99
49752848,497525,284825,6.01
49752849,497525,284925,6.54
49752850,497525,285025,6.53
49752851,497525,285125,6.56
49752852,497525,285225,6.44
49752853,497525,285325,6.2
49752854,497525,285425,6.2
49752855,497525,285525,6.2
49752856,497525,285625,7.15
49752857,497525,285725,6.09
49752858,497525,285825,6.01
49752859,497525,285925,6.01
49752860,497525,286025,6.44
49752861,497525,286125,6.69
49752862,497525,286225,6.43
49752863,497525,286325,6.08
49752864,497525,286425,6.26
49752865,497525,286525,5.98
49752866,497525,286625,5.94
49752867,497525,286725,5.42
49752868,497525,286825,6.31
49762841,497625,284125,6.45
49762842,497625,284225,6.45
49762843,497625,284325,6.45
49762844,497625,284425,6.58
49762845,497625,284525,6.85
49762846,497625,284625,7.08
49762847,497625,284725,7.15
49762848,497625,284825,6.59
49762849,497625,284925,6.57
49762850,497625,285025,6.56
49762851,497625,285125,6.56
49762852,497625,285225,6.45
49762853,497625,285325,6.19
49762854,497625,285425,6.2
49762855,497625,285525,6.95
49762856,497625,285625,7.34
49762857,497625,285725,6.36
49762858,497625,285825,6.01
49762859,497625,285925,6.01
49762860,497625,286025,6.42
49762861,497625,286125,7.06
49762862,497625,286225,6.33
49762863,497625,286325,6.23
49762864,497625,286425,6.31
49762865,497625,286525,6.31
49762866,497625,286625,5.97
49762867,497625,286725,5.42
49762868,497625,286825,6.2
49772837,497725,283725,6.39
49772841,497725,284125,6.87
49772842,497725,284225,6.87
49772843,497725,284325,6.92
49772844,497725,284425,6.84
49772845,497725,284525,7.18
49772846,497725,284625,7.31
49772847,497725,284725,7.3
49772848,497725,284825,7.21
49772849,497725,284925,6.53
49772850,497725,285025,6.5
49772851,497725,285125,6.35
49772852,497725,285225,6.22
49772853,497725,285325,6.21
49772854,497725,285425,6.35
49772855,497725,285525,7.4
49772856,497725,285625,7.46
49772857,497725,285725,8.28
49772858,497725,285825,5.9
49772859,497725,285925,5.94
49772860,497725,286025,6.42
49772861,497725,286125,6.87
49772862,497725,286225,6.83
49772863,497725,286325,6.31
49772864,497725,286425,6.32
49772865,497725,286525,6.36
49772866,497725,286625,6.42
49772867,497725,286725,6.41
49772868,497725,286825,6.41
49772869,497725,286925,6.41
49782838,497825,283825,6.74
49782839,497825,283925,6.76
49782840,497825,284025,6.76
49782841,497825,284125,6.86
49782842,497825,284225,6.86
49782843,497825,284325,6.86
49782844,497825,284425,6.95
49782845,497825,284525,7.27
49782846,497825,284625,7.25
49782847,497825,284725,7.23
49782848,497825,284825,6.87
49782849,497825,284925,6.45
49782850,497825,285025,6.37
49782851,497825,285125,6.25
49782852,497825,285225,6.25
49782853,497825,285325,6.23
49782854,497825,285425,7.45
49782855,497825,285525,7.4
49782856,497825,285625,7.45
49782857,497825,285725,8.8
49782858,497825,285825,5.72
49782859,497825,285925,4.62
49782860,497825,286025,5.51
49782861,497825,286125,6.5
49782862,497825,286225,6.5
49782863,497825,286325,6.48
49782864,497825,286425,6.42
49782865,497825,286525,6.42
49782866,497825,286625,6.42
49782867,497825,286725,6.31
49782868,497825,286825,6.41
49782869,497825,286925,6.41
49782870,497825,287025,6.41
49782871,497825,287125,6.72
49782872,497825,287225,6.71
49792839,497925,283925,6.76
49792840,497925,284025,6.76
49792841,497925,284125,6.85
49792842,497925,284225,6.86
49792843,497925,284325,6.88
49792844,497925,284425,6.88
49792845,497925,284525,6.81
49792846,497925,284625,7.26
49792847,497925,284725,7.12
49792848,497925,284825,6.66
49792849,497925,284925,6.45
49792850,497925,285025,6.41
49792851,497925,285125,6.23
49792852,497925,285225,6.25
49792853,497925,285325,6.25
49792854,497925,285425,7.22
49792855,497925,285525,7.22
49792856,497925,285625,6.4
49792857,497925,285725,6.39
49792858,497925,285825,4.12
49792859,497925,285925,3.46
49792860,497925,286025,3.3
49792861,497925,286125,5.68
49792862,497925,286225,6.5
49792863,497925,286325,6.41
49792864,497925,286425,6.41
49792865,497925,286525,6.41
49792866,497925,286625,6.42
49792867,497925,286725,6.21
49792868,497925,286825,6.23
49792869,497925,286925,6.41
49792870,497925,287025,6.41
49792871,497925,287125,6.59
49792872,497925,287225,6.71
49802839,498025,283925,6.76
49802840,498025,284025,6.75
49802841,498025,284125,6.76
49802842,498025,284225,3.86
49802843,498025,284325,3.58
49802845,498025,284525,5.63
49802846,498025,284625,5.62
49802847,498025,284725,5.6
49802848,498025,284825,6.38
49802849,498025,284925,6.44
49802850,498025,285025,6.44
49802851,498025,285125,6.24
49802852,498025,285225,6.25
49802853,498025,285325,6.25
49802854,498025,285425,6.29
49802855,498025,285525,6.4
49802856,498025,285625,6.4
49802857,498025,285725,6.4
49802858,498025,285825,4.6
49802859,498025,285925,3.17
49802860,498025,286025,3.31
49802861,498025,286125,3.48
49802862,498025,286225,6.45
49802863,498025,286325,6.41
49802864,498025,286425,6.41
49802865,498025,286525,6.41
49802866,498025,286625,6.41
49802867,498025,286725,6.21
49802868,498025,286825,6.21
49802869,498025,286925,6.35
49802870,498025,287025,6.35
49802871,498025,287125,6.4
49812840,498125,284025,6.75
49812841,498125,284125,4.97
49812842,498125,284225,3.94
49812843,498125,284325,3.66
49812845,498125,284525,5.58
49812846,498125,284625,5.57
49812847,498125,284725,5.65
49812849,498125,284925,6.44
49812850,498125,285025,6.44
49812851,498125,285125,6.41
49812852,498125,285225,6.25
49812853,498125,285325,6.24
49812854,498125,285425,6.33
49812855,498125,285525,6.4
49812856,498125,285625,6.4
49812857,498125,285725,6.41
49812858,498125,285825,4.54
49812859,498125,285925,3.44
49812860,498125,286025,3.43
49812861,498125,286125,3.53
49812862,498125,286225,6.41
49812863,498125,286325,6.41
49812864,498125,286425,6.41
49812865,498125,286525,6.41
49812866,498125,286625,6.41
49812867,498125,286725,6.21
49812868,498125,286825,6.21
49812869,498125,286925,6.34
49812870,498125,287025,6.35
49812871,498125,287125,6.35
49822840,498225,284025,4.87
49822841,498225,284125,4.86
49822842,498225,284225,5.7
49822843,498225,284325,4.9
49822844,498225,284425,3.34
49822845,498225,284525,3.37
49822846,498225,284625,7.4
49822847,498225,284725,7.73
49822849,498225,284925,7.65
49822850,498225,285025,7.58
49822851,498225,285125,7.56
49822852,498225,285225,6.26
49822853,498225,285325,6.26
49822854,498225,285425,6.41
49822855,498225,285525,6.4
49822856,498225,285625,6.4
49822857,498225,285725,6.41
49822858,498225,285825,4.14
49822859,498225,285925,3.73
49822860,498225,286025,4.18
49822861,498225,286125,5.01
49822862,498225,286225,5.53
49822863,498225,286325,6.21
49822864,498225,286425,6.21
49822865,498225,286525,6.21
49822866,498225,286625,6.21
49822867,498225,286725,6.07
49822868,498225,286825,6.1
49832841,498325,284125,4.82
49832842,498325,284225,4.87
49832843,498325,284325,3.33
49832844,498325,284425,3.39
49832846,498325,284625,9.98
49832847,498325,284725,9.51
49832848,498325,284825,8.91
49832849,498325,284925,7.53
49832850,498325,285025,6.81
49832851,498325,285125,6.72
49832852,498325,285225,6.69
49832853,498325,285325,6.66
49832854,498325,285425,6.66
49832855,498325,285525,6.41
49832856,498325,285625,6.4
49832857,498325,285725,6.41
49832858,498325,285825,5.24
49832859,498325,285925,5.01
49832860,498325,286025,5.0
49832861,498325,286125,5.0
49832862,498325,286225,5.01
49832863,498325,286325,5.78
49832864,498325,286425,6.21
49832865,498325,286525,6.21
49832866,498325,286625,6.21
49832867,498325,286725,6.06
49832868,498325,286825,6.06
49842842,498425,284225,3.29
49842843,498425,284325,3.26
49842844,498425,284425,3.18
49842845,498425,284525,9.96
49842846,498425,284625,9.9
49842847,498425,284725,9.91
49842848,498425,284825,9.95
49842849,498425,284925,9.76
49842850,498425,285025,6.7
49842851,498425,285125,6.7
49842852,498425,285225,6.7
49842853,498425,285325,6.66
49842854,498425,285425,6.66
49842855,498425,285525,6.66
49842856,498425,285625,6.87
49842857,498425,285725,5.59
49842858,498425,285825,5.0
49842859,498425,285925,5.01
49842860,498425,286025,5.01
49842861,498425,286125,5.01
49842862,498425,286225,5.01
49842863,498425,286325,5.25
49842864,498425,286425,6.21
49842865,498425,286525,6.73
49842866,498425,286625,6.95
49842867,498425,286725,6.2
49852842,498525,284225,3.25
49852843,498525,284325,3.23
49852845,498525,284525,10.0
49852846,498525,284625,9.96
49852847,498525,284725,9.98
49852848,498525,284825,10.02
49852849,498525,284925,6.72
49852850,498525,285025,6.7
49852851,498525,285125,6.71
49852852,498525,285225,6.73
49852858,498525,285825,5.13
49852859,498525,285925,5.0
49852860,498525,286025,5.01
49852861,498525,286125,5.0
49852862,498525,286225,5.01
49852863,498525,286325,5.02
49852864,498525,286425,7.12
49852865,498525,286525,7.12
49852866,498525,286625,7.13
49862844,498625,284425,9.98
49862845,498625,284525,9.93
49862846,498625,284625,9.94
49862847,498625,284725,9.98
49862848,498625,284825,10.02
49862849,498625,284925,6.7
49862850,498625,285025,6.7
49862851,498625,285125,6.73
49862859,498625,285925,5.01
49862860,498625,286025,5.01
49862861,498625,286125,4.98
49862862,498625,286225,5.0
49862863,498625,286325,5.01
49862864,498625,286425,7.12
49872845,498725,284525,9.99
49872846,498725,284625,9.92
49872847,498725,284725,9.91
49872848,498725,284825,6.96
49872849,498725,284925,6.71
49872860,498725,286025,5.01
49872861,498725,286125,5.0
49872862,498725,286225,5.01
49872863,498725,286325,6.45
49872864,498725,286425,7.12
49882848,498825,284825,6.67
49882849,498825,284925,6.66
