id,x,y,f_index
49242847,492425,284725,7.42
49252827,492525,282725,6.93
49252847,492525,284725,7.42
49252848,492525,284825,6.05
49262828,492625,282825,6.67
49262829,492625,282925,6.67
49262833,492625,283325,6.68
49262834,492625,283425,7.09
49262846,492625,284625,7.41
49262847,492625,284725,6.78
49262848,492625,284825,6.05
49272828,492725,282825,6.69
49272829,492725,282925,6.68
49272830,492725,283025,6.67
49272832,492725,283225,6.71
49272833,492725,283325,6.67
49272834,492725,283425,7.07
49272835,492725,283525,7.07
49272845,492725,284525,7.4
49272846,492725,284625,7.0
49272847,492725,284725,6.05
49272848,492725,284825,6.04
49272849,492725,284925,6.05
49272869,492725,286925,4.11
49282828,492825,282825,6.77
49282829,492825,282925,6.76
49282830,492825,283025,6.69
49282831,492825,283125,6.76
49282832,492825,283225,6.67
49282833,492825,283325,6.92
49282834,492825,283425,7.07
49282835,492825,283525,7.07
49282836,492825,283625,6.72
49282837,492825,283725,6.72
49282838,492825,283825,6.68
49282839,492825,283925,6.65
49282840,492825,284025,6.57
49282841,492825,284125,6.51
49282842,492825,284225,6.97
49282843,492825,284325,6.72
49282844,492825,284425,7.41
49282845,492825,284525,7.14
49282846,492825,284625,6.05
49282847,492825,284725,6.04
49282848,492825,284825,6.25
49282849,492825,284925,6.83
49282870,492825,287025,4.11
49292828,492925,282825,6.77
49292829,492925,282925,6.74
49292830,492925,283025,6.77
49292831,492925,283125,6.76
49292832,492925,283225,6.72
49292833,492925,283325,7.25
49292834,492925,283425,7.24
49292835,492925,283525,7.23
49292836,492925,283625,6.71
49292837,492925,283725,6.71
49292838,492925,283825,6.69
49292839,492925,283925,6.65
49292840,492925,284025,6.65
49292841,492925,284125,6.99
49292842,492925,284225,7.15
49292843,492925,284325,7.04
49292844,492925,284425,7.11
49292845,492925,284525,6.14
49292846,492925,284625,6.04
49292847,492925,284725,6.23
49292848,492925,284825,6.82
49292849,492925,284925,6.82
49292850,492925,285025,6.83
49292857,492925,285725,6.73
49292858,492925,285825,6.73
49292859,492925,285925,6.73
49292870,492925,287025,4.11
49292871,492925,287125,4.11
49302827,493025,282725,6.77
49302828,493025,282825,6.77
49302829,493025,282925,6.77
49302830,493025,283025,6.73
49302831,493025,283125,6.77
49302832,493025,283225,6.77
49302833,493025,283325,7.12
49302834,493025,283425,7.18
49302835,493025,283525,7.15
49302836,493025,283625,6.72
49302837,493025,283725,6.71
49302838,493025,283825,6.74
49302839,493025,283925,6.81
49302840,493025,284025,6.8
49302841,493025,284125,7.04
49302842,493025,284225,7.11
49302843,493025,284325,6.96
49302844,493025,284425,6.96
49302845,493025,284525,6.42
49302846,493025,284625,6.05
49302847,493025,284725,6.73
49302848,493025,284825,6.82
49302849,493025,284925,6.83
49302850,493025,285025,6.82
49302851,493025,285125,6.62
49302852,493025,285225,6.02
49302853,493025,285325,6.02
49302854,493025,285425,6.02
49302855,493025,285525,6.02
49302856,493025,285625,6.35
49302857,493025,285725,6.73
49302858,493025,285825,6.73
49302859,493025,285925,6.73
49302871,493025,287125,4.11
49302872,493025,287225,4.11
49312827,493125,282725,6.77
49312828,493125,282825,6.77
49312829,493125,282925,6.77
49312830,493125,283025,6.77
49312831,493125,283125,6.78
49312832,493125,283225,6.77
49312833,493125,283325,7.04
49312834,493125,283425,7.04
49312835,493125,283525,7.05
49312836,493125,283625,7.03
49312837,493125,283725,6.94
49312838,493125,283825,7.0
49312839,493125,283925,7.0
49312840,493125,284025,7.0
49312841,493125,284125,7.0
49312842,493125,284225,7.0
49312843,493125,284325,6.96
49312844,493125,284425,6.96
49312845,493125,284525,6.77
49312846,493125,284625,6.57
49312847,493125,284725,6.83
49312848,493125,284825,6.82
49312849,493125,284925,6.82
49312850,493125,285025,6.84
49312851,493125,285125,6.03
49312852,493125,285225,6.02
49312853,493125,285325,6.02
49312854,493125,285425,6.02
49312855,493125,285525,6.02
49312856,493125,285625,6.53
49312857,493125,285725,6.73
49312858,493125,285825,6.73
49312859,493125,285925,6.73
49312860,493125,286025,6.73
49322827,493225,282725,6.77
49322828,493225,282825,6.77
49322829,493225,282925,6.77
49322830,493225,283025,6.76
49322831,493225,283125,6.8
49322832,493225,283225,7.17
49322833,493225,283325,7.24
49322834,493225,283425,7.23
49322835,493225,283525,7.23
49322836,493225,283625,7.05
49322837,493225,283725,7.05
49322838,493225,283825,7.03
49322839,493225,283925,7.0
49322840,493225,284025,7.0
49322841,493225,284125,7.1
49322842,493225,284225,7.21
49322843,493225,284325,7.21
49322844,493225,284425,6.95
49322845,493225,284525,6.74
49322846,493225,284625,6.74
49322847,493225,284725,6.74
49322848,493225,284825,6.73
49322849,493225,284925,6.67
49322850,493225,285025,6.67
49322851,493225,285125,6.02
49322852,493225,285225,6.02
49322853,493225,285325,6.02
49322854,493225,285425,6.02
49322855,493225,285525,6.02
49322856,493225,285625,6.73
49322857,493225,285725,6.73
49322858,493225,285825,6.73
49322859,493225,285925,6.73
49322860,493225,286025,6.73
49332827,493325,282725,6.78
49332828,493325,282825,6.77
49332829,493325,282925,6.77
49332830,493325,283025,6.78
49332831,493325,283125,6.79
49332832,493325,283225,7.23
49332833,493325,283325,7.23
49332834,493325,283425,7.23
49332835,493325,283525,7.2
49332836,493325,283625,7.05
49332837,493325,283725,7.05
49332838,493325,283825,6.98
49332839,493325,283925,6.94
49332840,493325,284025,6.94
49332841,493325,284125,7.09
49332842,493325,284225,7.21
49332843,493325,284325,7.21
49332844,493325,284425,6.88
49332845,493325,284525,6.74
49332846,493325,284625,6.74
49332847,493325,284725,6.74
49332848,493325,284825,6.67
49332849,493325,284925,6.67
49332850,493325,285025,6.67
49332851,493325,285125,6.02
49332852,493325,285225,6.02
49332853,493325,285325,6.02
49332854,493325,285425,6.02
49332855,493325,285525,6.16
49332856,493325,285625,6.73
49332857,493325,285725,6.72
49332858,493325,285825,6.72
49332859,493325,285925,6.72
49332860,493325,286025,6.72
49342826,493425,282625,6.83
49342827,493425,282725,6.83
49342828,493425,282825,6.83
49342829,493425,282925,6.83
49342830,493425,283025,6.83
49342831,493425,283125,6.9
49342832,493425,283225,7.23
49342833,493425,283325,7.23
49342834,493425,283425,7.2
49342835,493425,283525,7.14
49342836,493425,283625,7.11
49342837,493425,283725,7.11
49342838,493425,283825,7.03
49342839,493425,283925,6.94
49342840,493425,284025,6.94
49342841,493425,284125,6.97
49342842,493425,284225,7.21
49342843,493425,284325,7.11
49342844,493425,284425,7.3
49342845,493425,284525,7.86
49342846,493425,284625,6.92
49342847,493425,284725,6.93
49342848,493425,284825,6.67
49342849,493425,284925,6.67
49342850,493425,285025,6.61
49342851,493425,285125,6.04
49342852,493425,285225,6.01
49342853,493425,285325,6.01
49342854,493425,285425,6.02
49342855,493425,285525,6.4
49342856,493425,285625,6.73
49342857,493425,285725,6.73
49342858,493425,285825,6.75
49342859,493425,285925,6.73
49342860,493425,286025,6.73
49342861,493425,286125,6.97
49342862,493425,286225,6.73
49352825,493525,282525,6.09
49352826,493525,282625,6.1
49352827,493525,282725,6.1
49352828,493525,282825,6.1
49352829,493525,282925,6.09
49352830,493525,283025,6.09
49352831,493525,283125,6.1
49352832,493525,283225,7.13
49352833,493525,283325,7.18
49352834,493525,283425,7.14
49352835,493525,283525,7.14
49352836,493525,283625,7.14
49352837,493525,283725,7.14
49352838,493525,283825,7.1
49352839,493525,283925,6.94
49352840,493525,284025,6.94
49352841,493525,284125,6.97
49352842,493525,284225,7.04
49352843,493525,284325,7.04
49352844,493525,284425,7.39
49352845,493525,284525,7.88
49352846,493525,284625,7.38
49352847,493525,284725,7.14
49352848,493525,284825,6.84
49352849,493525,284925,6.67
49352850,493525,285025,6.62
49352851,493525,285125,5.95
49352852,493525,285225,5.96
49352853,493525,285325,5.94
49352854,493525,285425,6.51
49352855,493525,285525,6.75
49352856,493525,285625,6.73
49352857,493525,285725,6.73
49352858,493525,285825,6.74
49352859,493525,285925,6.73
49352860,493525,286025,6.98
49352861,493525,286125,7.0
49352862,493525,286225,6.75
49352863,493525,286325,6.75
49352864,493525,286425,6.75
49352868,493525,286825,6.99
49362824,493625,282425,6.09
49362825,493625,282525,6.09
49362826,493625,282625,6.09
49362827,493625,282725,6.09
49362828,493625,282825,6.09
49362829,493625,282925,6.09
49362830,493625,283025,6.09
49362831,493625,283125,6.1
49362832,493625,283225,6.1
49362833,493625,283325,6.77
49362834,493625,283425,7.07
49362835,493625,283525,7.12
49362836,493625,283625,7.14
49362837,493625,283725,6.84
49362838,493625,283825,6.36
49362839,493625,283925,6.43
49362840,493625,284025,7.09
49362841,493625,284125,7.08
49362842,493625,284225,7.05
49362843,493625,284325,7.03
49362844,493625,284425,7.45
49362845,493625,284525,7.87
49362846,493625,284625,7.2
49362847,493625,284725,7.16
49362848,493625,284825,7.54
49362849,493625,284925,7.56
49362850,493625,285025,7.34
49362851,493625,285125,7.23
49362852,493625,285225,6.95
49362853,493625,285325,6.7
49362854,493625,285425,6.74
49362855,493625,285525,6.74
49362856,493625,285625,6.73
49362857,493625,285725,6.73
49362858,493625,285825,6.74
49362859,493625,285925,6.89
49362860,493625,286025,7.01
49362861,493625,286125,7.01
49362862,493625,286225,6.89
49362863,493625,286325,6.75
49362864,493625,286425,6.74
49362865,493625,286525,6.75
49362866,493625,286625,6.79
49362867,493625,286725,6.99
49362868,493625,286825,6.99
49362887,493625,288725,6.01
49362888,493625,288825,6.01
49372825,493725,282525,6.09
49372826,493725,282625,6.09
49372827,493725,282725,6.09
49372828,493725,282825,6.09
49372829,493725,282925,6.09
49372830,493725,283025,6.1
49372831,493725,283125,6.1
49372832,493725,283225,6.09
49372833,493725,283325,6.86
49372834,493725,283425,6.82
49372835,493725,283525,6.86
49372836,493725,283625,6.44
49372837,493725,283725,6.36
49372838,493725,283825,6.36
49372839,493725,283925,6.38
49372840,493725,284025,7.08
49372841,493725,284125,7.08
49372842,493725,284225,7.08
49372843,493725,284325,7.04
49372844,493725,284425,7.23
49372845,493725,284525,7.87
49372846,493725,284625,7.46
49372847,493725,284725,7.59
49372848,493725,284825,7.01
49372849,493725,284925,6.79
49372850,493725,285025,7.34
49372851,493725,285125,7.41
49372852,493725,285225,7.35
49372853,493725,285325,6.75
49372854,493725,285425,6.75
49372855,493725,285525,6.74
49372856,493725,285625,6.74
49372857,493725,285725,6.8
49372858,493725,285825,6.73
49372859,493725,285925,7.0
49372860,493725,286025,7.01
49372861,493725,286125,7.01
49372862,493725,286225,6.98
49372863,493725,286325,6.75
49372864,493725,286425,6.74
49372865,493725,286525,6.75
49372866,493725,286625,6.88
49372867,493725,286725,7.0
49372868,493725,286825,7.0
49372887,493725,288725,6.0
49372888,493725,288825,6.0
49382826,493825,282625,6.09
49382827,493825,282725,6.09
49382828,493825,282825,6.09
49382829,493825,282925,6.09
49382830,493825,283025,6.09
49382831,493825,283125,6.09
49382832,493825,283225,6.09
49382833,493825,283325,6.32
49382834,493825,283425,6.83
49382835,493825,283525,6.88
49382836,493825,283625,6.86
49382837,493825,283725,6.36
49382838,493825,283825,6.36
49382839,493825,283925,6.36
49382840,493825,284025,6.43
49382841,493825,284125,7.08
49382842,493825,284225,7.2
49382843,493825,284325,7.25
49382844,493825,284425,7.24
49382845,493825,284525,7.7
49382846,493825,284625,7.63
49382847,493825,284725,6.81
49382848,493825,284825,6.79
49382849,493825,284925,6.79
49382850,493825,285025,6.9
49382851,493825,285125,7.36
49382852,493825,285225,7.34
49382853,493825,285325,6.74
49382854,493825,285425,6.74
49382855,493825,285525,6.74
49382856,493825,285625,6.74
49382857,493825,285725,6.74
49382858,493825,285825,6.86
49382859,493825,285925,7.01
49382860,493825,286025,7.01
49382861,493825,286125,6.98
49382862,493825,286225,6.91
49382863,493825,286325,6.91
49382864,493825,286425,6.88
49382865,493825,286525,7.03
49382866,493825,286625,7.12
49382867,493825,286725,7.09
49382868,493825,286825,7.53
49382869,493825,286925,7.66
49382887,493825,288725,6.0
49382888,493825,288825,6.0
49392827,493925,282725,6.09
49392828,493925,282825,6.09
49392829,493925,282925,6.09
49392830,493925,283025,6.09
49392831,493925,283125,6.09
49392832,493925,283225,6.08
49392833,493925,283325,6.41
49392834,493925,283425,6.89
49392835,493925,283525,6.89
49392836,493925,283625,6.88
49392837,493925,283725,6.48
49392838,493925,283825,6.3
49392839,493925,283925,6.03
49392840,493925,284025,6.03
49392841,493925,284125,6.09
49392842,493925,284225,7.26
49392843,493925,284325,7.24
49392844,493925,284425,7.24
49392845,493925,284525,7.25
49392846,493925,284625,7.08
49392847,493925,284725,6.94
49392848,493925,284825,6.88
49392849,493925,284925,6.93
49392850,493925,285025,7.06
49392851,493925,285125,7.58
49392852,493925,285225,7.21
49392853,493925,285325,6.66
49392854,493925,285425,6.61
49392855,493925,285525,6.74
49392856,493925,285625,6.74
49392857,493925,285725,6.74
49392858,493925,285825,6.94
49392859,493925,285925,7.01
49392860,493925,286025,7.01
49392861,493925,286125,6.92
49392862,493925,286225,6.92
49392863,493925,286325,6.92
49392864,493925,286425,6.92
49392865,493925,286525,7.23
49392866,493925,286625,7.32
49392867,493925,286725,7.34
49392868,493925,286825,7.34
49392888,493925,288825,6.0
49402828,494025,282825,6.09
49402829,494025,282925,6.09
49402830,494025,283025,6.09
49402831,494025,283125,6.09
49402832,494025,283225,6.09
49402833,494025,283325,6.62
49402834,494025,283425,6.88
49402835,494025,283525,6.89
49402836,494025,283625,6.89
49402837,494025,283725,6.39
49402838,494025,283825,6.03
49402839,494025,283925,6.03
49402840,494025,284025,6.03
49402841,494025,284125,6.03
49402842,494025,284225,6.73
49402843,494025,284325,6.64
49402844,494025,284425,6.71
49402845,494025,284525,6.71
49402846,494025,284625,7.28
49402847,494025,284725,7.25
49402848,494025,284825,7.24
49402849,494025,284925,7.28
49402850,494025,285025,7.74
49402851,494025,285125,7.9
49402852,494025,285225,6.78
49402853,494025,285325,6.54
49402854,494025,285425,6.54
49402855,494025,285525,6.54
49402856,494025,285625,6.62
49402857,494025,285725,6.76
49402858,494025,285825,6.76
49402859,494025,285925,6.76
49402860,494025,286025,6.92
49402861,494025,286125,6.91
49402862,494025,286225,6.92
49402863,494025,286325,6.92
49402864,494025,286425,6.99
49402865,494025,286525,7.13
49402866,494025,286625,7.13
49402867,494025,286725,7.12
49402868,494025,286825,7.23
49402869,494025,286925,7.29
49402889,494025,288925,6.0
49412829,494125,282925,6.14
49412830,494125,283025,6.08
49412831,494125,283125,6.09
49412832,494125,283225,6.52
49412833,494125,283325,6.57
49412834,494125,283425,6.72
49412835,494125,283525,6.13
49412836,494125,283625,6.35
49412837,494125,283725,6.33
49412838,494125,283825,6.3
49412839,494125,283925,6.03
49412840,494125,284025,6.03
49412841,494125,284125,6.04
49412842,494125,284225,6.59
49412843,494125,284325,6.59
49412844,494125,284425,6.59
49412845,494125,284525,6.7
49412846,494125,284625,6.92
49412847,494125,284725,7.2
49412848,494125,284825,7.29
49412849,494125,284925,7.69
49412850,494125,285025,7.9
49412851,494125,285125,7.89
49412852,494125,285225,7.45
49412853,494125,285325,6.54
49412854,494125,285425,6.54
49412855,494125,285525,6.55
49412856,494125,285625,6.73
49412857,494125,285725,6.76
49412858,494125,285825,6.76
49412859,494125,285925,6.76
49412860,494125,286025,6.95
49412861,494125,286125,7.0
49412862,494125,286225,6.94
49412863,494125,286325,6.81
49412864,494125,286425,6.8
49412865,494125,286525,6.96
49412866,494125,286625,7.15
49412867,494125,286725,7.15
49412868,494125,286825,7.05
49412869,494125,286925,7.19
49412889,494125,288925,6.0
49422829,494225,282925,6.19
49422830,494225,283025,6.66
49422831,494225,283125,7.5
49422832,494225,283225,6.6
49422833,494225,283325,6.6
49422834,494225,283425,6.61
49422835,494225,283525,6.17
49422836,494225,283625,6.29
49422837,494225,283725,6.33
49422838,494225,283825,6.33
49422839,494225,283925,6.28
49422840,494225,284025,6.03
49422841,494225,284125,6.39
49422842,494225,284225,6.59
49422843,494225,284325,6.59
49422844,494225,284425,6.69
49422845,494225,284525,6.92
49422846,494225,284625,6.92
49422847,494225,284725,6.92
49422848,494225,284825,7.11
49422849,494225,284925,7.34
49422850,494225,285025,7.37
49422851,494225,285125,7.9
49422852,494225,285225,7.37
49422853,494225,285325,6.73
49422854,494225,285425,7.15
49422855,494225,285525,6.85
49422856,494225,285625,6.76
49422857,494225,285725,6.76
49422858,494225,285825,6.76
49422859,494225,285925,6.76
49422860,494225,286025,7.03
49422861,494225,286125,7.04
49422862,494225,286225,7.03
49422863,494225,286325,6.8
49422864,494225,286425,6.8
49422865,494225,286525,6.82
49422866,494225,286625,6.85
49422867,494225,286725,7.16
49422869,494225,286925,7.13
49422890,494225,289025,6.2
49432827,494325,282725,6.2
49432828,494325,282825,6.18
49432829,494325,282925,6.6
49432830,494325,283025,6.69
49432831,494325,283125,7.9
49432832,494325,283225,6.6
49432833,494325,283325,6.6
49432834,494325,283425,6.61
49432835,494325,283525,6.13
49432836,494325,283625,6.09
49432837,494325,283725,6.33
49432838,494325,283825,6.33
49432839,494325,283925,6.34
49432840,494325,284025,6.33
49432841,494325,284125,6.61
49432842,494325,284225,6.74
49432843,494325,284325,6.75
49432844,494325,284425,6.91
49432845,494325,284525,6.93
49432846,494325,284625,6.93
49432847,494325,284725,6.92
49432848,494325,284825,6.45
49432849,494325,284925,6.45
49432850,494325,285025,6.45
49432851,494325,285125,7.27
49432852,494325,285225,7.37
49432853,494325,285325,7.31
49432854,494325,285425,7.29
49432855,494325,285525,7.29
49432856,494325,285625,6.76
49432857,494325,285725,6.76
49432858,494325,285825,6.76
49432859,494325,285925,6.84
49432860,494325,286025,7.04
49432861,494325,286125,7.04
49432862,494325,286225,7.04
49432863,494325,286325,6.8
49432864,494325,286425,6.8
49432865,494325,286525,6.8
49432866,494325,286625,6.8
49432867,494325,286725,6.9
49432891,494325,289125,7.0
49442827,494425,282725,6.21
49442828,494425,282825,6.19
49442829,494425,282925,6.63
49442830,494425,283025,6.69
49442831,494425,283125,7.92
49442832,494425,283225,7.51
49442833,494425,283325,6.6
49442834,494425,283425,6.69
49442835,494425,283525,6.16
49442836,494425,283625,6.06
49442837,494425,283725,6.19
49442838,494425,283825,6.29
49442839,494425,283925,6.32
49442840,494425,284025,6.36
49442841,494425,284125,6.87
49442842,494425,284225,6.87
49442843,494425,284325,6.87
49442844,494425,284425,6.87
49442845,494425,284525,6.93
49442846,494425,284625,6.92
49442847,494425,284725,6.93
49442848,494425,284825,6.45
49442849,494425,284925,6.45
49442850,494425,285025,6.45
49442851,494425,285125,7.27
49442852,494425,285225,7.28
49442853,494425,285325,7.29
49442854,494425,285425,7.07
49442855,494425,285525,6.86
49442856,494425,285625,6.74
49442857,494425,285725,6.76
49442858,494425,285825,6.76
49442859,494425,285925,6.94
49442860,494425,286025,7.01
49442861,494425,286125,7.04
49442862,494425,286225,7.04
49442863,494425,286325,6.99
49442864,494425,286425,6.8
49442865,494425,286525,6.8
49442866,494425,286625,6.8
49442867,494425,286725,6.85
49442891,494425,289125,6.99
49442892,494425,289225,6.99
49452826,494525,282625,6.18
49452827,494525,282725,6.18
49452828,494525,282825,6.18
49452829,494525,282925,6.7
49452830,494525,283025,6.7
49452831,494525,283125,7.91
49452832,494525,283225,7.68
49452833,494525,283325,4.85
49452834,494525,283425,4.85
49452835,494525,283525,6.01
49452836,494525,283625,6.14
49452837,494525,283725,6.14
49452838,494525,283825,6.18
49452839,494525,283925,6.25
49452840,494525,284025,6.49
49452841,494525,284125,6.87
49452842,494525,284225,6.87
49452843,494525,284325,6.87
49452844,494525,284425,6.87
49452845,494525,284525,6.88
49452846,494525,284625,6.92
49452847,494525,284725,6.85
49452848,494525,284825,6.45
49452849,494525,284925,6.45
49452850,494525,285025,6.45
49452851,494525,285125,7.27
49452852,494525,285225,7.28
49452853,494525,285325,6.99
49452854,494525,285425,6.7
49452855,494525,285525,6.7
49452856,494525,285625,5.91
49452857,494525,285725,6.1
49452858,494525,285825,6.85
49452859,494525,285925,6.94
49452860,494525,286025,6.96
49452861,494525,286125,6.98
49452862,494525,286225,7.02
49452863,494525,286325,6.9
49452864,494525,286425,6.67
49452865,494525,286525,6.71
49452866,494525,286625,6.8
49452891,494525,289125,6.99
49452892,494525,289225,6.99
49452893,494525,289325,6.99
49462826,494625,282625,6.18
49462827,494625,282725,6.18
49462828,494625,282825,6.6
49462829,494625,282925,6.69
49462830,494625,283025,6.69
49462831,494625,283125,7.7
49462832,494625,283225,6.15
49462833,494625,283325,4.76
49462834,494625,283425,4.76
49462835,494625,283525,5.52
49462836,494625,283625,6.14
49462837,494625,283725,6.14
49462838,494625,283825,6.14
49462839,494625,283925,6.57
49462840,494625,284025,6.87
49462841,494625,284125,6.64
49462842,494625,284225,6.67
49462843,494625,284325,6.7
49462844,494625,284425,6.87
49462845,494625,284525,7.08
49462846,494625,284625,7.18
49462847,494625,284725,7.19
49462848,494625,284825,6.88
49462849,494625,284925,6.45
49462850,494625,285025,6.45
49462851,494625,285125,7.28
49462852,494625,285225,6.91
49462853,494625,285325,6.7
49462854,494625,285425,6.7
49462855,494625,285525,6.14
49462856,494625,285625,5.91
49462857,494625,285725,6.47
49462858,494625,285825,6.85
49462859,494625,285925,6.88
49462860,494625,286025,6.96
49462861,494625,286125,6.96
49462862,494625,286225,6.85
49462863,494625,286325,6.56
49462864,494625,286425,6.56
49462865,494625,286525,6.65
49462866,494625,286625,6.58
49462867,494625,286725,6.56
49462890,494625,289025,6.99
49462891,494625,289125,6.99
49462892,494625,289225,6.99
49462893,494625,289325,6.99
49472827,494725,282725,6.18
49472828,494725,282825,6.66
49472829,494725,282925,6.69
49472830,494725,283025,6.1
49472831,494725,283125,5.11
49472832,494725,283225,5.11
49472833,494725,283325,4.88
49472834,494725,283425,4.75
49472835,494725,283525,4.99
49472836,494725,283625,6.14
49472837,494725,283725,6.14
49472838,494725,283825,6.54
49472839,494725,283925,7.27
49472840,494725,284025,7.28
49472841,494725,284125,6.44
49472842,494725,284225,6.64
49472843,494725,284325,6.64
49472844,494725,284425,6.84
49472845,494725,284525,7.18
49472846,494725,284625,7.18
49472847,494725,284725,7.19
49472848,494725,284825,7.19
49472849,494725,284925,7.06
49472850,494725,285025,7.27
49472851,494725,285125,7.28
49472852,494725,285225,7.28
49472853,494725,285325,6.81
49472854,494725,285425,6.09
49472855,494725,285525,6.65
49472856,494725,285625,6.67
49472857,494725,285725,6.73
49472858,494725,285825,6.82
49472859,494725,285925,6.79
49472860,494725,286025,6.84
49472861,494725,286125,6.61
49472862,494725,286225,6.56
49472863,494725,286325,6.56
49472864,494725,286425,6.59
49472865,494725,286525,6.59
49472866,494725,286625,6.56
49472867,494725,286725,6.56
49472868,494725,286825,6.56
49472874,494725,287425,6.87
49472875,494725,287525,6.87
49472890,494725,289025,6.99
49472891,494725,289125,6.99
49472892,494725,289225,6.99
49472893,494725,289325,6.99
49482828,494825,282825,6.69
49482829,494825,282925,6.14
49482830,494825,283025,5.11
49482831,494825,283125,5.11
49482832,494825,283225,5.16
49482833,494825,283325,5.11
49482834,494825,283425,5.11
49482835,494825,283525,5.03
49482836,494825,283625,6.28
49482837,494825,283725,6.58
49482838,494825,283825,7.44
49482839,494825,283925,7.27
49482840,494825,284025,7.28
49482841,494825,284125,6.03
49482842,494825,284225,6.54
49482843,494825,284325,6.66
49482844,494825,284425,7.1
49482845,494825,284525,7.18
49482846,494825,284625,7.19
49482847,494825,284725,7.19
49482848,494825,284825,7.03
49482849,494825,284925,6.93
49482850,494825,285025,7.27
49482851,494825,285125,7.27
49482852,494825,285225,7.28
49482853,494825,285325,7.28
49482854,494825,285425,7.17
49482855,494825,285525,7.16
49482856,494825,285625,7.17
49482857,494825,285725,6.96
49482858,494825,285825,6.79
49482859,494825,285925,6.79
49482860,494825,286025,6.53
49482861,494825,286125,6.38
49482862,494825,286225,6.44
49482863,494825,286325,6.58
49482864,494825,286425,6.58
49482865,494825,286525,6.56
49482866,494825,286625,6.56
49482867,494825,286725,6.56
49482868,494825,286825,7.98
49482869,494825,286925,8.45
49482870,494825,287025,8.45
49482871,494825,287125,6.87
49482872,494825,287225,6.87
49482873,494825,287325,6.87
49482874,494825,287425,6.87
49482875,494825,287525,6.87
49482880,494825,288025,6.88
49482881,494825,288125,7.0
49482882,494825,288225,6.69
49482890,494825,289025,6.99
49482891,494825,289125,6.99
49482892,494825,289225,6.99
49482893,494825,289325,6.99
49482894,494825,289425,6.99
49492830,494925,283025,5.17
49492831,494925,283125,5.18
49492833,494925,283325,5.17
49492834,494925,283425,7.21
49492835,494925,283525,7.19
49492836,494925,283625,7.18
49492837,494925,283725,7.26
49492838,494925,283825,7.27
49492839,494925,283925,7.3
49492840,494925,284025,7.28
49492841,494925,284125,6.08
49492842,494925,284225,6.54
49492843,494925,284325,6.74
49492844,494925,284425,7.44
49492845,494925,284525,7.68
49492846,494925,284625,7.68
49492847,494925,284725,6.85
49492848,494925,284825,6.85
49492849,494925,284925,6.84
49492850,494925,285025,7.27
49492851,494925,285125,7.27
49492852,494925,285225,7.27
49492853,494925,285325,7.28
49492854,494925,285425,7.17
49492855,494925,285525,7.14
49492856,494925,285625,7.14
49492857,494925,285725,7.04
49492858,494925,285825,6.7
49492859,494925,285925,6.78
49492860,494925,286025,6.38
49492861,494925,286125,6.38
49492862,494925,286225,6.38
49492863,494925,286325,6.63
49492864,494925,286425,6.56
49492865,494925,286525,6.56
49492866,494925,286625,6.91
49492867,494925,286725,7.96
49492868,494925,286825,8.45
49492869,494925,286925,8.45
49492870,494925,287025,8.45
49492871,494925,287125,6.87
49492872,494925,287225,6.87
49492873,494925,287325,6.87
49492874,494925,287425,6.87
49492875,494925,287525,6.87
49492876,494925,287625,6.67
49492878,494925,287825,7.01
49492879,494925,287925,6.88
49492881,494925,288125,6.76
49492882,494925,288225,7.0
49492890,494925,289025,6.99
49492891,494925,289125,6.99
49492892,494925,289225,6.99
49492893,494925,289325,6.99
49492894,494925,289425,6.99
49502834,495025,283425,7.17
49502835,495025,283525,7.2
49502836,495025,283625,7.19
49502837,495025,283725,7.22
49502838,495025,283825,7.28
49502839,495025,283925,7.28
49502840,495025,284025,7.29
49502841,495025,284125,6.18
49502842,495025,284225,6.52
49502843,495025,284325,6.69
49502844,495025,284425,7.12
49502845,495025,284525,7.68
49502846,495025,284625,6.89
49502847,495025,284725,6.85
49502848,495025,284825,6.86
49502849,495025,284925,6.84
49502850,495025,285025,6.79
49502851,495025,285125,6.79
49502852,495025,285225,6.79
49502853,495025,285325,6.79
49502854,495025,285425,6.76
49502855,495025,285525,7.14
49502856,495025,285625,7.13
49502857,495025,285725,6.7
49502858,495025,285825,6.7
49502859,495025,285925,6.7
49502860,495025,286025,6.38
49502861,495025,286125,6.42
49502862,495025,286225,6.54
49502863,495025,286325,6.7
49502864,495025,286425,6.72
49502865,495025,286525,6.66
49502866,495025,286625,8.46
49502867,495025,286725,8.51
49502868,495025,286825,8.53
49502869,495025,286925,8.63
49502870,495025,287025,7.16
49502871,495025,287125,6.9
49502872,495025,287225,6.88
49502873,495025,287325,6.77
49502874,495025,287425,6.87
49502875,495025,287525,6.87
49502876,495025,287625,6.68
49502877,495025,287725,6.68
49502891,495025,289125,6.99
49502892,495025,289225,6.99
49502893,495025,289325,6.97
49512835,495125,283525,7.17
49512836,495125,283625,7.18
49512837,495125,283725,7.19
49512838,495125,283825,7.27
49512839,495125,283925,7.28
49512840,495125,284025,6.74
49512841,495125,284125,6.48
49512842,495125,284225,6.64
49512843,495125,284325,6.62
49512844,495125,284425,6.62
49512845,495125,284525,6.64
49512846,495125,284625,6.73
49512847,495125,284725,6.85
49512848,495125,284825,6.82
49512849,495125,284925,6.84
49512850,495125,285025,6.8
49512851,495125,285125,6.79
49512852,495125,285225,6.79
49512853,495125,285325,6.42
49512854,495125,285425,6.05
49512855,495125,285525,7.04
49512856,495125,285625,7.1
49512857,495125,285725,6.7
49512858,495125,285825,6.7
49512859,495125,285925,6.7
49512860,495125,286025,6.59
49512861,495125,286125,6.7
49512862,495125,286225,6.74
49512863,495125,286325,6.74
49512864,495125,286425,6.78
49512865,495125,286525,8.43
49512866,495125,286625,8.5
49512867,495125,286725,8.59
49512868,495125,286825,8.91
49512869,495125,286925,9.02
49512870,495125,287025,6.9
49512871,495125,287125,6.88
49512872,495125,287225,6.87
49512873,495125,287325,6.86
49512874,495125,287425,6.86
49512875,495125,287525,6.75
49512876,495125,287625,6.69
49512877,495125,287725,6.69
49512878,495125,287825,6.68
49512879,495125,287925,6.67
49512880,495125,288025,6.66
49512881,495125,288125,6.92
49512891,495125,289125,6.99
49512892,495125,289225,6.94
49512893,495125,289325,6.67
49522835,495225,283525,7.19
49522836,495225,283625,7.19
49522837,495225,283725,7.18
49522838,495225,283825,7.01
49522839,495225,283925,6.66
49522840,495225,284025,6.66
49522841,495225,284125,6.53
49522842,495225,284225,6.58
49522843,495225,284325,6.62
49522844,495225,284425,6.62
49522845,495225,284525,6.64
49522846,495225,284625,6.65
49522847,495225,284725,6.67
49522848,495225,284825,6.82
49522849,495225,284925,6.86
49522850,495225,285025,6.74
49522851,495225,285125,6.59
49522852,495225,285225,6.05
49522853,495225,285325,6.05
49522854,495225,285425,6.05
49522855,495225,285525,6.05
49522856,495225,285625,6.33
49522857,495225,285725,6.7
49522858,495225,285825,6.66
49522859,495225,285925,6.61
49522860,495225,286025,6.64
49522861,495225,286125,6.75
49522862,495225,286225,6.71
49522863,495225,286325,6.7
49522864,495225,286425,6.7
49522865,495225,286525,8.5
49522866,495225,286625,8.49
49522867,495225,286725,8.53
49522868,495225,286825,8.62
49522869,495225,286925,7.43
49522870,495225,287025,6.89
49522871,495225,287125,6.88
49522872,495225,287225,6.88
49522873,495225,287325,6.82
49522874,495225,287425,6.87
49522875,495225,287525,6.39
49522876,495225,287625,6.72
49522877,495225,287725,6.71
49522878,495225,287825,6.7
49522879,495225,287925,6.68
49522880,495225,288025,6.67
49522881,495225,288125,6.67
49522882,495225,288225,6.67
49522891,495225,289125,7.28
49522892,495225,289225,7.23
49522893,495225,289325,6.65
49532835,495325,283525,7.21
49532836,495325,283625,7.75
49532837,495325,283725,7.49
49532838,495325,283825,6.65
49532839,495325,283925,6.66
49532840,495325,284025,6.66
49532841,495325,284125,6.66
49532842,495325,284225,6.53
49532843,495325,284325,6.53
49532844,495325,284425,6.47
49532845,495325,284525,6.51
49532846,495325,284625,6.58
49532847,495325,284725,6.43
49532848,495325,284825,6.43
49532849,495325,284925,6.45
49532850,495325,285025,6.3
49532851,495325,285125,6.06
49532852,495325,285225,6.06
49532853,495325,285325,6.05
49532854,495325,285425,6.05
49532855,495325,285525,6.05
49532856,495325,285625,6.25
49532857,495325,285725,6.42
49532858,495325,285825,6.42
49532859,495325,285925,6.42
49532860,495325,286025,6.42
49532861,495325,286125,6.71
49532862,495325,286225,6.71
49532863,495325,286325,6.71
49532864,495325,286425,6.7
49532865,495325,286525,8.62
49532866,495325,286625,8.52
49532867,495325,286725,8.47
49532868,495325,286825,8.45
49532869,495325,286925,7.02
49532870,495325,287025,6.9
49532871,495325,287125,6.87
49532872,495325,287225,6.87
49532873,495325,287325,6.9
49532874,495325,287425,6.34
49532875,495325,287525,6.32
49532876,495325,287625,6.71
49532877,495325,287725,6.71
49532878,495325,287825,6.7
49532879,495325,287925,6.69
49532880,495325,288025,6.68
49532881,495325,288125,6.68
49532882,495325,288225,6.68
49532883,495325,288325,6.67
49532890,495325,289025,7.28
49532891,495325,289125,7.28
49532892,495325,289225,7.25
49532893,495325,289325,7.25
49542835,495425,283525,7.19
49542836,495425,283625,7.17
49542837,495425,283725,6.19
49542838,495425,283825,6.45
49542839,495425,283925,6.65
49542840,495425,284025,6.66
49542841,495425,284125,6.66
49542842,495425,284225,6.64
49542843,495425,284325,6.74
49542844,495425,284425,7.38
49542845,495425,284525,7.39
49542846,495425,284625,6.09
49542847,495425,284725,6.1
49542848,495425,284825,6.19
49542849,495425,284925,6.4
49542850,495425,285025,6.51
49542851,495425,285125,6.31
49542852,495425,285225,6.32
49542853,495425,285325,6.24
49542854,495425,285425,6.25
49542855,495425,285525,6.27
49542856,495425,285625,6.42
49542857,495425,285725,6.42
49542858,495425,285825,6.42
49542859,495425,285925,6.42
49542860,495425,286025,6.42
49542861,495425,286125,6.42
49542863,495425,286325,6.81
49542864,495425,286425,6.68
49542865,495425,286525,9.06
49542866,495425,286625,8.5
49542867,495425,286725,8.46
49542868,495425,286825,8.45
49542869,495425,286925,6.89
49542870,495425,287025,6.89
49542871,495425,287125,6.86
49542872,495425,287225,6.86
49542873,495425,287325,6.48
49542874,495425,287425,6.33
49542875,495425,287525,6.34
49542876,495425,287625,6.37
49542877,495425,287725,6.72
49542878,495425,287825,6.73
49542879,495425,287925,6.69
49542880,495425,288025,6.68
49542881,495425,288125,6.69
49542882,495425,288225,6.68
49542883,495425,288325,6.68
49542890,495425,289025,7.26
49542891,495425,289125,7.25
49552834,495525,283425,6.77
49552835,495525,283525,6.99
49552836,495525,283625,6.01
49552837,495525,283725,6.01
49552838,495525,283825,6.0
49552839,495525,283925,6.01
49552840,495525,284025,6.28
49552841,495525,284125,6.53
49552842,495525,284225,6.65
49552843,495525,284325,7.38
49552844,495525,284425,7.39
49552845,495525,284525,7.39
49552846,495525,284625,6.11
49552847,495525,284725,6.12
49552848,495525,284825,6.29
49552849,495525,284925,6.64
49552850,495525,285025,6.64
49552851,495525,285125,6.51
49552852,495525,285225,6.51
49552853,495525,285325,6.51
49552854,495525,285425,6.51
49552855,495525,285525,6.51
49552856,495525,285625,6.55
49552857,495525,285725,6.49
49552858,495525,285825,6.42
49552859,495525,285925,6.41
49552860,495525,286025,6.41
49552861,495525,286125,6.4
49552862,495525,286225,6.37
49552863,495525,286325,6.66
49552864,495525,286425,6.65
49552865,495525,286525,6.42
49552866,495525,286625,6.42
49552867,495525,286725,7.5
49552868,495525,286825,7.09
49552869,495525,286925,6.89
49552870,495525,287025,6.77
49552871,495525,287125,6.7
49552872,495525,287225,6.71
49552873,495525,287325,6.32
49552874,495525,287425,6.32
49552875,495525,287525,6.32
49552876,495525,287625,6.38
49552877,495525,287725,6.72
49552878,495525,287825,6.71
49552879,495525,287925,6.78
49552880,495525,288025,6.7
49552881,495525,288125,6.72
49552882,495525,288225,6.68
49552889,495525,288925,8.51
49552890,495525,289025,7.25
49562834,495625,283425,6.68
49562835,495625,283525,6.67
49562836,495625,283625,6.25
49562837,495625,283725,6.01
49562838,495625,283825,6.0
49562839,495625,283925,6.02
49562840,495625,284025,6.0
49562841,495625,284125,6.0
49562842,495625,284225,6.15
49562843,495625,284325,6.24
49562844,495625,284425,7.38
49562845,495625,284525,7.38
49562846,495625,284625,6.21
49562847,495625,284725,6.38
49562848,495625,284825,6.64
49562849,495625,284925,6.64
49562850,495625,285025,6.64
49562851,495625,285125,6.84
49562852,495625,285225,6.54
49562853,495625,285325,6.5
49562854,495625,285425,6.5
49562855,495625,285525,6.53
49562856,495625,285625,6.55
49562857,495625,285725,6.64
49562858,495625,285825,6.61
49562859,495625,285925,6.56
49562860,495625,286025,6.56
49562861,495625,286125,6.56
49562862,495625,286225,6.6
49562863,495625,286325,6.65
49562864,495625,286425,6.66
49562865,495625,286525,6.51
49562866,495625,286625,6.42
49562867,495625,286725,6.42
49562868,495625,286825,6.42
49562869,495625,286925,6.63
49562870,495625,287025,6.63
49562871,495625,287125,6.63
49562872,495625,287225,6.63
49562873,495625,287325,6.32
49562874,495625,287425,6.32
49562875,495625,287525,6.32
49562876,495625,287625,6.33
49562877,495625,287725,6.68
49562878,495625,287825,6.83
49562879,495625,287925,6.84
49562880,495625,288025,6.83
49562881,495625,288125,6.82
49562888,495625,288825,8.51
49562889,495625,288925,8.51
49572832,495725,283225,6.66
49572833,495725,283325,6.67
49572834,495725,283425,6.67
49572835,495725,283525,6.69
49572836,495725,283625,6.78
49572837,495725,283725,6.83
49572838,495725,283825,6.55
49572839,495725,283925,6.77
49572840,495725,284025,6.49
49572841,495725,284125,6.21
49572842,495725,284225,6.15
49572843,495725,284325,6.15
49572844,495725,284425,6.42
49572845,495725,284525,7.27
49572846,495725,284625,7.14
49572847,495725,284725,6.82
49572848,495725,284825,6.64
49572849,495725,284925,6.64
49572850,495725,285025,6.83
49572851,495725,285125,6.95
49572852,495725,285225,6.78
49572853,495725,285325,6.51
49572854,495725,285425,6.51
49572855,495725,285525,6.58
49572856,495725,285625,6.55
49572857,495725,285725,6.69
49572858,495725,285825,6.75
49572859,495725,285925,6.56
49572860,495725,286025,6.56
49572861,495725,286125,6.77
49572862,495725,286225,6.81
49572863,495725,286325,6.65
49572864,495725,286425,6.65
49572865,495725,286525,6.59
49572866,495725,286625,6.42
49572867,495725,286725,6.42
49572868,495725,286825,6.42
49572869,495725,286925,6.51
49572870,495725,287025,6.63
49572871,495725,287125,6.63
49572872,495725,287225,6.63
49572873,495725,287325,6.33
49572874,495725,287425,6.33
49572875,495725,287525,6.32
49572876,495725,287625,6.32
49572877,495725,287725,6.56
49572878,495725,287825,6.82
49572879,495725,287925,6.81
49572880,495725,288025,6.81
49572881,495725,288125,6.76
49582832,495825,283225,6.67
49582833,495825,283325,6.67
49582834,495825,283425,6.69
49582835,495825,283525,6.69
49582836,495825,283625,6.46
49582837,495825,283725,6.77
49582838,495825,283825,6.83
49582839,495825,283925,6.83
49582840,495825,284025,6.83
49582841,495825,284125,6.35
49582842,495825,284225,6.15
49582843,495825,284325,6.16
49582844,495825,284425,6.16
49582845,495825,284525,7.21
49582846,495825,284625,7.37
49582847,495825,284725,7.38
49582848,495825,284825,6.94
49582849,495825,284925,6.72
49582850,495825,285025,6.88
49582851,495825,285125,7.02
49582852,495825,285225,6.95
49582853,495825,285325,6.94
49582854,495825,285425,6.56
49582855,495825,285525,6.39
49582856,495825,285625,6.52
49582857,495825,285725,6.62
49582858,495825,285825,6.88
49582859,495825,285925,7.24
49582860,495825,286025,6.85
49582861,495825,286125,6.85
49582862,495825,286225,6.69
49582863,495825,286325,6.65
49582864,495825,286425,6.65
49582865,495825,286525,6.65
49582866,495825,286625,6.47
49582867,495825,286725,6.42
49582868,495825,286825,6.42
49582869,495825,286925,6.59
49582870,495825,287025,6.65
49582871,495825,287125,6.65
49582872,495825,287225,6.64
49582873,495825,287325,6.32
49582874,495825,287425,6.37
49582875,495825,287525,6.57
49582876,495825,287625,6.95
49582877,495825,287725,6.98
49582878,495825,287825,7.14
49582879,495825,287925,7.05
49582880,495825,288025,7.21
49592832,495925,283225,6.73
49592833,495925,283325,6.66
49592834,495925,283425,6.7
49592835,495925,283525,6.71
49592836,495925,283625,6.35
49592837,495925,283725,6.35
49592838,495925,283825,6.59
49592839,495925,283925,6.78
49592840,495925,284025,6.83
49592841,495925,284125,6.44
49592842,495925,284225,6.16
49592843,495925,284325,6.16
49592844,495925,284425,6.86
49592845,495925,284525,6.89
49592846,495925,284625,7.08
49592847,495925,284725,7.24
49592848,495925,284825,6.72
49592849,495925,284925,6.71
49592850,495925,285025,6.87
49592851,495925,285125,7.37
49592852,495925,285225,6.96
49592853,495925,285325,6.82
49592854,495925,285425,6.72
49592855,495925,285525,6.06
49592856,495925,285625,6.52
49592857,495925,285725,6.8
49592858,495925,285825,7.4
49592859,495925,285925,7.4
49592860,495925,286025,6.85
49592861,495925,286125,6.75
49592862,495925,286225,6.47
49592863,495925,286325,6.63
49592864,495925,286425,6.65
49592865,495925,286525,6.66
49592866,495925,286625,6.55
49592867,495925,286725,6.42
49592868,495925,286825,6.6
49592869,495925,286925,6.87
49592870,495925,287025,6.7
49592871,495925,287125,6.89
49592872,495925,287225,6.78
49592873,495925,287325,6.94
49592874,495925,287425,6.94
49592875,495925,287525,6.94
49592876,495925,287625,6.96
49592877,495925,287725,6.96
49592879,495925,287925,5.36
49592880,495925,288025,5.14
49602831,496025,283125,6.42
49602832,496025,283225,6.42
49602833,496025,283325,6.76
49602834,496025,283425,6.68
49602835,496025,283525,6.52
49602836,496025,283625,6.35
49602837,496025,283725,6.35
49602838,496025,283825,6.35
49602839,496025,283925,6.35
49602840,496025,284025,6.76
49602841,496025,284125,6.25
49602842,496025,284225,6.17
49602843,496025,284325,6.58
49602844,496025,284425,6.87
49602845,496025,284525,6.88
49602846,496025,284625,6.85
49602847,496025,284725,6.58
49602848,496025,284825,6.62
49602849,496025,284925,6.84
49602850,496025,285025,7.03
49602851,496025,285125,7.21
49602852,496025,285225,6.8
49602853,496025,285325,6.77
49602854,496025,285425,6.82
49602855,496025,285525,6.79
49602856,496025,285625,6.84
49602857,496025,285725,6.84
49602858,496025,285825,7.28
49602859,496025,285925,7.39
49602860,496025,286025,6.84
49602861,496025,286125,6.48
49602862,496025,286225,6.47
49602863,496025,286325,6.56
49602864,496025,286425,6.65
49602865,496025,286525,6.58
49602866,496025,286625,6.43
49602867,496025,286725,6.71
49602868,496025,286825,6.93
49602869,496025,286925,6.99
49602870,496025,287025,7.05
49602871,496025,287125,7.05
49602872,496025,287225,7.02
49602873,496025,287325,6.91
49602874,496025,287425,6.94
49602875,496025,287525,6.94
49602876,496025,287625,6.95
49602877,496025,287725,6.95
49612830,496125,283025,6.36
49612831,496125,283125,6.42
49612832,496125,283225,6.42
49612833,496125,283325,6.57
49612834,496125,283425,6.64
49612835,496125,283525,6.57
49612836,496125,283625,6.48
49612837,496125,283725,6.34
49612838,496125,283825,6.35
49612839,496125,283925,6.35
49612840,496125,284025,5.94
49612841,496125,284125,5.98
49612842,496125,284225,6.52
49612843,496125,284325,6.67
49612844,496125,284425,6.83
49612845,496125,284525,7.1
49612846,496125,284625,6.92
49612847,496125,284725,6.43
49612848,496125,284825,6.67
49612849,496125,284925,7.18
49612850,496125,285025,7.08
49612851,496125,285125,6.88
49612852,496125,285225,6.76
49612853,496125,285325,6.76
49612854,496125,285425,6.83
49612855,496125,285525,6.83
49612856,496125,285625,6.84
49612857,496125,285725,6.84
49612858,496125,285825,6.84
49612859,496125,285925,7.39
49612860,496125,286025,6.48
49612861,496125,286125,6.48
49612862,496125,286225,6.47
49612863,496125,286325,6.48
49612864,496125,286425,6.61
49612865,496125,286525,6.43
49612866,496125,286625,6.43
49612867,496125,286725,6.74
49612868,496125,286825,6.93
49612869,496125,286925,6.99
49612870,496125,287025,7.05
49612871,496125,287125,7.05
49612872,496125,287225,6.99
49612873,496125,287325,6.89
49612874,496125,287425,6.9
49612875,496125,287525,6.94
49612876,496125,287625,6.95
49612877,496125,287725,6.97
49622830,496225,283025,6.01
49622831,496225,283125,6.02
49622832,496225,283225,6.78
49622833,496225,283325,6.79
49622834,496225,283425,6.68
49622835,496225,283525,6.57
49622836,496225,283625,6.56
49622837,496225,283725,6.46
49622838,496225,283825,6.35
49622839,496225,283925,5.93
49622840,496225,284025,5.94
49622841,496225,284125,5.94
49622842,496225,284225,6.64
49622843,496225,284325,6.61
49622844,496225,284425,6.87
49622845,496225,284525,7.15
49622846,496225,284625,7.14
49622847,496225,284725,6.5
49622848,496225,284825,7.45
49622849,496225,284925,7.2
49622850,496225,285025,6.98
49622851,496225,285125,6.3
49622852,496225,285225,6.72
49622853,496225,285325,6.72
49622854,496225,285425,6.76
49622855,496225,285525,6.83
49622856,496225,285625,6.84
49622857,496225,285725,6.85
49622858,496225,285825,6.85
49622859,496225,285925,6.61
49622860,496225,286025,6.48
49622861,496225,286125,6.5
49622862,496225,286225,6.59
49622863,496225,286325,6.71
49622864,496225,286425,7.04
49622865,496225,286525,6.69
49622866,496225,286625,6.43
49622867,496225,286725,6.76
49622868,496225,286825,6.93
49622869,496225,286925,6.99
49622870,496225,287025,7.05
49622871,496225,287125,7.0
49622872,496225,287225,6.83
49622873,496225,287325,6.89
49622874,496225,287425,6.89
49622875,496225,287525,6.9
49622876,496225,287625,6.92
49622877,496225,287725,6.44
49632830,496325,283025,6.01
49632831,496325,283125,6.53
49632832,496325,283225,6.79
49632833,496325,283325,6.79
49632834,496325,283425,6.71
49632835,496325,283525,6.57
49632836,496325,283625,6.56
49632837,496325,283725,6.56
49632838,496325,283825,6.09
49632839,496325,283925,5.93
49632840,496325,284025,5.94
49632841,496325,284125,6.51
49632842,496325,284225,6.73
49632843,496325,284325,6.77
49632844,496325,284425,6.91
49632845,496325,284525,7.96
49632846,496325,284625,8.86
49632847,496325,284725,8.96
49632848,496325,284825,7.58
49632849,496325,284925,6.85
49632850,496325,285025,6.51
49632851,496325,285125,6.0
49632852,496325,285225,6.24
49632853,496325,285325,6.6
49632854,496325,285425,6.6
49632855,496325,285525,6.6
49632856,496325,285625,6.84
49632857,496325,285725,6.84
49632858,496325,285825,6.7
49632859,496325,285925,7.86
49632860,496325,286025,7.84
49632861,496325,286125,7.05
49632862,496325,286225,6.79
49632863,496325,286325,6.79
49632864,496325,286425,6.9
49632865,496325,286525,7.03
49632866,496325,286625,7.03
49632867,496325,286725,6.8
49632868,496325,286825,6.93
49632869,496325,286925,6.99
49632870,496325,287025,6.79
49632871,496325,287125,6.49
49632872,496325,287225,6.71
49632873,496325,287325,6.89
49632874,496325,287425,6.89
49632875,496325,287525,6.89
49632876,496325,287625,5.7
49632877,496325,287725,3.25
49642830,496425,283025,6.01
49642831,496425,283125,7.41
49642832,496425,283225,6.79
49642833,496425,283325,6.82
49642834,496425,283425,6.82
49642835,496425,283525,6.72
49642836,496425,283625,6.56
49642837,496425,283725,6.64
49642838,496425,283825,6.83
49642839,496425,283925,5.94
49642840,496425,284025,5.94
49642841,496425,284125,5.93
49642842,496425,284225,6.75
49642843,496425,284325,6.46
49642844,496425,284425,6.4
49642845,496425,284525,6.91
49642846,496425,284625,8.6
49642847,496425,284725,8.95
49642848,496425,284825,7.0
49642849,496425,284925,6.5
49642850,496425,285025,6.42
49642851,496425,285125,6.54
49642852,496425,285225,6.54
49642853,496425,285325,6.6
49642854,496425,285425,6.61
49642855,496425,285525,6.62
49642856,496425,285625,6.62
49642857,496425,285725,6.99
49642858,496425,285825,7.55
49642859,496425,285925,7.56
49642860,496425,286025,7.8
49642861,496425,286125,7.04
49642862,496425,286225,6.79
49642863,496425,286325,6.79
49642864,496425,286425,6.79
49642865,496425,286525,7.05
49642866,496425,286625,7.03
49642867,496425,286725,7.04
49642868,496425,286825,6.94
49642869,496425,286925,6.67
49642870,496425,287025,6.51
49642871,496425,287125,6.51
49642872,496425,287225,6.49
49642873,496425,287325,6.89
49642874,496425,287425,6.89
49642875,496425,287525,6.89
49642876,496425,287625,5.9
49642877,496425,287725,3.21
49652831,496525,283125,9.65
49652832,496525,283225,6.91
49652833,496525,283325,7.08
49652834,496525,283425,7.11
49652835,496525,283525,6.95
49652836,496525,283625,6.65
49652837,496525,283725,6.83
49652838,496525,283825,6.83
49652839,496525,283925,6.33
49652840,496525,284025,6.01
49652841,496525,284125,5.92
49652842,496525,284225,6.22
49652843,496525,284325,6.01
49652844,496525,284425,6.01
49652845,496525,284525,7.3
49652846,496525,284625,7.28
49652847,496525,284725,7.3
49652848,496525,284825,6.93
49652849,496525,284925,6.12
49652850,496525,285025,6.12
49652851,496525,285125,6.07
49652852,496525,285225,5.87
49652853,496525,285325,5.83
49652854,496525,285425,6.62
49652855,496525,285525,6.62
49652856,496525,285625,6.62
49652857,496525,285725,7.0
49652858,496525,285825,7.56
49652859,496525,285925,7.57
49652860,496525,286025,7.7
49652861,496525,286125,7.05
49652862,496525,286225,6.78
49652863,496525,286325,6.79
49652864,496525,286425,6.79
49652865,496525,286525,6.92
49652866,496525,286625,7.05
49652867,496525,286725,7.05
49652868,496525,286825,7.06
49652869,496525,286925,6.5
49652870,496525,287025,6.5
49652871,496525,287125,6.5
49652872,496525,287225,6.65
49652873,496525,287325,6.81
49652874,496525,287425,6.89
49652875,496525,287525,6.85
49652876,496525,287625,5.78
49652877,496525,287725,3.23
49662830,496625,283025,9.61
49662831,496625,283125,9.6
49662832,496625,283225,6.74
49662833,496625,283325,6.7
49662834,496625,283425,7.09
49662835,496625,283525,7.03
49662836,496625,283625,6.81
49662837,496625,283725,7.03
49662838,496625,283825,6.83
49662839,496625,283925,6.65
49662840,496625,284025,6.68
49662841,496625,284125,6.8
49662842,496625,284225,7.0
49662843,496625,284325,6.52
49662844,496625,284425,6.5
49662845,496625,284525,6.96
49662846,496625,284625,6.99
49662847,496625,284725,6.97
49662848,496625,284825,7.26
49662849,496625,284925,6.88
49662850,496625,285025,6.81
49662851,496625,285125,6.1
49662852,496625,285225,5.69
49662853,496625,285325,5.69
49662854,496625,285425,6.62
49662855,496625,285525,6.62
49662856,496625,285625,5.92
49662857,496625,285725,5.71
49662858,496625,285825,7.28
49662859,496625,285925,7.7
49662860,496625,286025,7.7
49662861,496625,286125,7.7
49662862,496625,286225,6.79
49662863,496625,286325,6.79
49662864,496625,286425,6.85
49662865,496625,286525,6.94
49662866,496625,286625,7.15
49662867,496625,286725,6.8
49662868,496625,286825,6.09
49662869,496625,286925,6.48
49662870,496625,287025,6.5
49662871,496625,287125,6.73
49662872,496625,287225,6.82
49662873,496625,287325,6.79
49662874,496625,287425,6.82
49662875,496625,287525,6.86
49662876,496625,287625,6.84
49662877,496625,287725,5.04
49672830,496725,283025,7.2
49672831,496725,283125,7.2
49672832,496725,283225,6.97
49672833,496725,283325,6.48
49672834,496725,283425,6.49
49672835,496725,283525,6.79
49672836,496725,283625,7.03
49672837,496725,283725,7.01
49672838,496725,283825,6.87
49672839,496725,283925,6.83
49672840,496725,284025,7.18
49672841,496725,284125,6.81
49672842,496725,284225,7.34
49672843,496725,284325,6.79
49672844,496725,284425,6.89
49672845,496725,284525,7.0
49672846,496725,284625,7.04
49672847,496725,284725,7.03
49672848,496725,284825,6.7
49672849,496725,284925,6.87
49672850,496725,285025,6.35
49672851,496725,285125,6.25
49672852,496725,285225,5.69
49672853,496725,285325,5.69
49672854,496725,285425,5.94
49672855,496725,285525,5.55
49672856,496725,285625,5.68
49672857,496725,285725,5.68
49672858,496725,285825,5.7
49672859,496725,285925,7.46
49672860,496725,286025,7.54
49672862,496725,286225,7.38
49672863,496725,286325,7.16
49672864,496725,286425,7.15
49672865,496725,286525,7.13
49672866,496725,286625,7.17
49672867,496725,286725,6.06
49672868,496725,286825,6.07
49672869,496725,286925,6.05
49672870,496725,287025,6.6
49672871,496725,287125,6.79
49672872,496725,287225,6.8
49672873,496725,287325,6.79
49672874,496725,287425,6.8
49672875,496725,287525,6.84
49672876,496725,287625,6.84
49672877,496725,287725,6.82
49682830,496825,283025,7.2
49682831,496825,283125,7.16
49682832,496825,283225,7.0
49682833,496825,283325,6.48
49682834,496825,283425,6.52
49682835,496825,283525,6.54
49682836,496825,283625,7.06
49682837,496825,283725,7.02
49682838,496825,283825,6.54
49682839,496825,283925,6.22
49682840,496825,284025,6.79
49682841,496825,284125,6.79
49682842,496825,284225,6.6
49682843,496825,284325,6.08
49682844,496825,284425,6.42
49682845,496825,284525,6.54
49682846,496825,284625,6.62
49682847,496825,284725,6.83
49682848,496825,284825,6.8
49682849,496825,284925,6.54
49682850,496825,285025,6.42
49682851,496825,285125,6.42
49682852,496825,285225,6.37
49682853,496825,285325,6.38
49682854,496825,285425,6.36
49682855,496825,285525,5.63
49682856,496825,285625,5.7
49682857,496825,285725,5.66
49682858,496825,285825,5.68
49682859,496825,285925,7.35
49682860,496825,286025,7.35
49682861,496825,286125,7.41
49682862,496825,286225,7.43
49682863,496825,286325,7.2
49682864,496825,286425,7.15
49682865,496825,286525,7.15
49682866,496825,286625,6.14
49682867,496825,286725,6.09
49682868,496825,286825,6.05
49682869,496825,286925,6.05
49682870,496825,287025,6.1
49682871,496825,287125,6.81
49682872,496825,287225,6.79
49682873,496825,287325,6.85
49682874,496825,287425,6.8
49682875,496825,287525,6.85
49682876,496825,287625,6.79
49682877,496825,287725,6.82
49692830,496925,283025,6.11
49692831,496925,283125,6.38
49692832,496925,283225,6.38
49692833,496925,283325,6.38
49692834,496925,283425,6.55
49692835,496925,283525,6.55
49692836,496925,283625,6.77
49692837,496925,283725,7.06
49692838,496925,283825,6.47
49692839,496925,283925,6.13
49692840,496925,284025,6.58
49692841,496925,284125,6.92
49692842,496925,284225,6.64
49692843,496925,284325,6.47
49692844,496925,284425,6.48
49692845,496925,284525,6.44
49692846,496925,284625,6.5
49692847,496925,284725,6.69
49692848,496925,284825,6.8
49692849,496925,284925,6.55
49692850,496925,285025,6.89
49692851,496925,285125,6.66
49692852,496925,285225,6.62
49692853,496925,285325,6.66
49692854,496925,285425,6.75
49692855,496925,285525,6.42
49692856,496925,285625,5.65
49692857,496925,285725,5.67
49692858,496925,285825,6.67
49692859,496925,285925,7.1
49692860,496925,286025,7.35
49692861,496925,286125,7.35
49692862,496925,286225,7.34
49692863,496925,286325,6.92
49692864,496925,286425,6.98
49692865,496925,286525,7.02
49692866,496925,286625,6.02
49692867,496925,286725,6.07
49692868,496925,286825,6.05
49692869,496925,286925,6.6
49692870,496925,287025,7.13
49692871,496925,287125,6.95
49692872,496925,287225,6.95
49692873,496925,287325,6.91
49692874,496925,287425,6.87
49692875,496925,287525,6.87
49692876,496925,287625,6.82
49702830,497025,283025,6.07
49702831,497025,283125,6.38
49702832,497025,283225,6.44
49702833,497025,283325,6.53
49702834,497025,283425,6.54
49702835,497025,283525,6.55
49702836,497025,283625,6.55
49702837,497025,283725,6.38
49702838,497025,283825,6.37
49702839,497025,283925,6.39
49702840,497025,284025,6.99
49702841,497025,284125,7.08
49702842,497025,284225,7.12
49702843,497025,284325,7.22
49702844,497025,284425,7.2
49702845,497025,284525,7.11
49702846,497025,284625,6.78
49702847,497025,284725,6.69
49702848,497025,284825,6.67
49702849,497025,284925,6.58
49702850,497025,285025,6.66
49702851,497025,285125,6.7
49702852,497025,285225,6.67
49702853,497025,285325,6.75
49702854,497025,285425,6.75
49702855,497025,285525,6.75
49702856,497025,285625,6.73
49702857,497025,285725,5.82
49702858,497025,285825,6.55
49702859,497025,285925,6.59
49702860,497025,286025,6.63
49702861,497025,286125,7.22
49702862,497025,286225,7.04
49702863,497025,286325,6.92
49702864,497025,286425,6.92
49702865,497025,286525,6.82
49702866,497025,286625,6.02
49702867,497025,286725,6.05
49702868,497025,286825,6.59
49702869,497025,286925,7.29
49712830,497125,283025,6.1
49712831,497125,283125,6.49
49712838,497125,283825,5.39
49712839,497125,283925,6.09
49712840,497125,284025,6.89
49712841,497125,284125,6.95
49712842,497125,284225,7.04
49712843,497125,284325,7.02
49712844,497125,284425,7.03
49712845,497125,284525,7.11
49712846,497125,284625,6.76
49712847,497125,284725,6.7
49712848,497125,284825,6.62
49712849,497125,284925,6.58
49712850,497125,285025,6.65
49712851,497125,285125,6.7
49712852,497125,285225,6.82
49712853,497125,285325,6.97
49712854,497125,285425,6.98
49712855,497125,285525,6.97
49712856,497125,285625,6.44
49712857,497125,285725,5.99
49712858,497125,285825,6.55
49712859,497125,285925,6.59
49712860,497125,286025,6.62
49712861,497125,286125,6.63
49712862,497125,286225,6.86
49712863,497125,286325,6.92
49712864,497125,286425,7.18
49712865,497125,286525,7.36
49712866,497125,286625,7.32
49712867,497125,286725,7.02
49712868,497125,286825,7.28
49712869,497125,286925,7.29
49722839,497225,283925,5.96
49722840,497225,284025,6.86
49722841,497225,284125,6.86
49722842,497225,284225,6.84
49722843,497225,284325,6.79
49722844,497225,284425,6.78
49722845,497225,284525,6.75
49722846,497225,284625,6.7
49722847,497225,284725,6.69
49722848,497225,284825,7.08
49722849,497225,284925,7.09
49722850,497225,285025,6.85
49722851,497225,285125,6.66
49722852,497225,285225,6.66
49722853,497225,285325,6.8
49722854,497225,285425,6.99
49722855,497225,285525,6.83
49722857,497225,285725,6.13
49722858,497225,285825,6.54
49722859,497225,285925,6.58
49722860,497225,286025,6.63
49722861,497225,286125,6.62
49722862,497225,286225,6.93
49722863,497225,286325,7.36
49722864,497225,286425,7.36
49722865,497225,286525,7.5
49722866,497225,286625,7.72
49722867,497225,286725,7.71
49722868,497225,286825,6.92
49722869,497225,286925,7.32
49732838,497325,283825,6.69
49732839,497325,283925,6.56
49732840,497325,284025,6.7
49732841,497325,284125,6.7
49732842,497325,284225,6.67
49732843,497325,284325,6.71
49732844,497325,284425,6.65
49732845,497325,284525,6.51
49732846,497325,284625,6.7
49732847,497325,284725,7.08
49732848,497325,284825,7.14
49732849,497325,284925,7.14
49732850,497325,285025,7.02
49732851,497325,285125,6.63
49732852,497325,285225,6.65
49732853,497325,285325,6.67
49732854,497325,285425,6.67
49732855,497325,285525,6.73
49732856,497325,285625,6.74
49732857,497325,285725,6.69
49732858,497325,285825,6.19
49732859,497325,285925,6.5
49732860,497325,286025,6.49
49732861,497325,286125,6.44
49732862,497325,286225,6.43
49732863,497325,286325,7.0
49732864,497325,286425,7.27
49732865,497325,286525,7.25
49732866,497325,286625,7.34
49732867,497325,286725,7.63
49732868,497325,286825,6.8
49732869,497325,286925,7.06
49742837,497425,283725,6.64
49742838,497425,283825,6.6
49742839,497425,283925,6.58
49742840,497425,284025,6.7
49742841,497425,284125,6.7
49742842,497425,284225,6.67
49742843,497425,284325,6.66
49742844,497425,284425,6.4
49742845,497425,284525,6.41
49742846,497425,284625,6.88
49742847,497425,284725,7.14
49742848,497425,284825,7.14
49742849,497425,284925,7.11
49742850,497425,285025,6.67
49742851,497425,285125,6.64
49742852,497425,285225,6.61
49742853,497425,285325,6.79
49742854,497425,285425,6.83
49742855,497425,285525,6.92
49742856,497425,285625,6.82
49742857,497425,285725,6.73
49742858,497425,285825,7.11
49742859,497425,285925,6.77
49742860,497425,286025,6.44
49742861,497425,286125,6.43
49742862,497425,286225,6.43
49742863,497425,286325,6.98
49742864,497425,286425,7.17
49742865,497425,286525,7.18
49742866,497425,286625,7.2
49742867,497425,286725,7.68
49742868,497425,286825,6.81
49752838,497525,283825,6.64
49752841,497525,284125,6.67
49752842,497525,284225,6.67
49752843,497525,284325,6.67
49752844,497525,284425,6.55
49752845,497525,284525,6.47
49752846,497525,284625,7.15
49752847,497525,284725,7.14
49752848,497525,284825,7.11
49752849,497525,284925,6.58
49752850,497525,285025,6.6
49752851,497525,285125,6.56
49752852,497525,285225,6.68
49752853,497525,285325,6.93
49752854,497525,285425,6.92
49752855,497525,285525,6.93
49752856,497525,285625,5.97
49752857,497525,285725,7.04
49752858,497525,285825,7.11
49752859,497525,285925,7.12
49752860,497525,286025,6.69
49752861,497525,286125,6.43
49752862,497525,286225,6.69
49752863,497525,286325,7.05
49752864,497525,286425,6.86
49752865,497525,286525,7.15
49752866,497525,286625,7.19
49752867,497525,286725,7.7
49752868,497525,286825,6.81
49762841,497625,284125,6.67
49762842,497625,284225,6.67
49762843,497625,284325,6.68
49762844,497625,284425,6.55
49762845,497625,284525,6.28
49762846,497625,284625,6.05
49762847,497625,284725,5.98
49762848,497625,284825,6.53
49762849,497625,284925,6.56
49762850,497625,285025,6.56
49762851,497625,285125,6.57
49762852,497625,285225,6.68
49762853,497625,285325,6.93
49762854,497625,285425,6.92
49762855,497625,285525,6.18
49762856,497625,285625,5.78
49762857,497625,285725,6.77
49762858,497625,285825,7.12
49762859,497625,285925,7.12
49762860,497625,286025,6.7
49762861,497625,286125,6.07
49762862,497625,286225,6.8
49762863,497625,286325,6.9
49762864,497625,286425,6.81
49762865,497625,286525,6.81
49762866,497625,286625,7.15
49762867,497625,286725,7.71
49762868,497625,286825,6.92
49772837,497725,283725,6.73
49772841,497725,284125,6.26
49772842,497725,284225,6.25
49772843,497725,284325,6.2
49772844,497725,284425,6.28
49772845,497725,284525,5.94
49772846,497725,284625,5.82
49772847,497725,284725,5.83
49772848,497725,284825,5.91
49772849,497725,284925,6.6
49772850,497725,285025,6.63
49772851,497725,285125,6.78
49772852,497725,285225,6.91
49772853,497725,285325,6.92
49772854,497725,285425,6.77
49772855,497725,285525,5.73
49772856,497725,285625,5.67
49772857,497725,285725,4.85
49772858,497725,285825,7.22
49772859,497725,285925,7.18
49772860,497725,286025,6.71
49772861,497725,286125,6.25
49772862,497725,286225,6.29
49772863,497725,286325,6.81
49772864,497725,286425,6.8
49772865,497725,286525,6.76
49772866,497725,286625,6.71
49772867,497725,286725,6.71
49772868,497725,286825,6.71
49772869,497725,286925,6.71
49782838,497825,283825,6.38
49782839,497825,283925,6.37
49782840,497825,284025,6.37
49782841,497825,284125,6.26
49782842,497825,284225,6.27
49782843,497825,284325,6.27
49782844,497825,284425,6.17
49782845,497825,284525,5.86
49782846,497825,284625,5.87
49782847,497825,284725,5.9
49782848,497825,284825,6.25
49782849,497825,284925,6.67
49782850,497825,285025,6.76
49782851,497825,285125,6.88
49782852,497825,285225,6.87
49782853,497825,285325,6.89
49782854,497825,285425,5.68
49782855,497825,285525,5.72
49782856,497825,285625,5.68
49782857,497825,285725,4.32
49782858,497825,285825,7.41
49782859,497825,285925,8.5
49782860,497825,286025,7.61
49782861,497825,286125,6.62
49782862,497825,286225,6.62
49782863,497825,286325,6.65
49782864,497825,286425,6.71
49782865,497825,286525,6.71
49782866,497825,286625,6.71
49782867,497825,286725,6.82
49782868,497825,286825,6.72
49782869,497825,286925,6.71
49782870,497825,287025,6.71
49782871,497825,287125,6.41
49782872,497825,287225,6.41
49792839,497925,283925,6.37
49792840,497925,284025,6.37
49792841,497925,284125,6.28
49792842,497925,284225,6.26
49792843,497925,284325,6.25
49792844,497925,284425,6.24
49792845,497925,284525,6.32
49792846,497925,284625,5.87
49792847,497925,284725,6.0
49792848,497925,284825,6.47
49792849,497925,284925,6.68
49792850,497925,285025,6.72
49792851,497925,285125,6.89
49792852,497925,285225,6.88
49792853,497925,285325,6.87
49792854,497925,285425,5.91
49792855,497925,285525,5.9
49792856,497925,285625,6.73
49792857,497925,285725,6.73
49792858,497925,285825,9.01
49792859,497925,285925,9.67
49792860,497925,286025,9.82
49792861,497925,286125,7.44
49792862,497925,286225,6.62
49792863,497925,286325,6.71
49792864,497925,286425,6.71
49792865,497925,286525,6.71
49792866,497925,286625,6.71
49792867,497925,286725,6.92
49792868,497925,286825,6.9
49792869,497925,286925,6.72
49792870,497925,287025,6.72
49792871,497925,287125,6.54
49792872,497925,287225,6.41
49802839,498025,283925,6.36
49802840,498025,284025,6.37
49802841,498025,284125,6.37
49802842,498025,284225,9.26
49802843,498025,284325,9.54
49802845,498025,284525,7.49
49802846,498025,284625,7.5
49802847,498025,284725,7.52
49802848,498025,284825,6.75
49802849,498025,284925,6.68
49802850,498025,285025,6.69
49802851,498025,285125,6.88
49802852,498025,285225,6.87
49802853,498025,285325,6.88
49802854,498025,285425,6.84
49802855,498025,285525,6.72
49802856,498025,285625,6.73
49802857,498025,285725,6.73
49802858,498025,285825,8.52
49802859,498025,285925,9.96
49802860,498025,286025,9.81
49802861,498025,286125,9.64
49802862,498025,286225,6.68
49802863,498025,286325,6.71
49802864,498025,286425,6.71
49802865,498025,286525,6.71
49802866,498025,286625,6.71
49802867,498025,286725,6.91
49802868,498025,286825,6.92
49802869,498025,286925,6.77
49802870,498025,287025,6.77
49802871,498025,287125,6.72
49812840,498125,284025,6.37
49812841,498125,284125,8.15
49812842,498125,284225,9.19
49812843,498125,284325,9.47
49812845,498125,284525,7.54
49812846,498125,284625,7.56
49812847,498125,284725,7.47
49812849,498125,284925,6.68
49812850,498125,285025,6.68
49812851,498125,285125,6.71
49812852,498125,285225,6.88
49812853,498125,285325,6.88
49812854,498125,285425,6.79
49812855,498125,285525,6.72
49812856,498125,285625,6.72
49812857,498125,285725,6.72
49812858,498125,285825,8.59
49812859,498125,285925,9.69
49812860,498125,286025,9.69
49812861,498125,286125,9.6
49812862,498125,286225,6.71
49812863,498125,286325,6.71
49812864,498125,286425,6.71
49812865,498125,286525,6.71
49812866,498125,286625,6.71
49812867,498125,286725,6.92
49812868,498125,286825,6.91
49812869,498125,286925,6.78
49812870,498125,287025,6.77
49812871,498125,287125,6.77
49822840,498225,284025,8.25
49822841,498225,284125,8.27
49822842,498225,284225,7.43
49822843,498225,284325,8.22
49822844,498225,284425,9.78
49822845,498225,284525,9.75
49822846,498225,284625,5.73
49822847,498225,284725,5.4
49822849,498225,284925,5.47
49822850,498225,285025,5.55
49822851,498225,285125,5.56
49822852,498225,285225,6.87
49822853,498225,285325,6.87
49822854,498225,285425,6.72
49822855,498225,285525,6.72
49822856,498225,285625,6.72
49822857,498225,285725,6.72
49822858,498225,285825,8.98
49822859,498225,285925,9.4
49822860,498225,286025,8.94
49822861,498225,286125,8.11
49822862,498225,286225,7.59
49822863,498225,286325,6.92
49822864,498225,286425,6.92
49822865,498225,286525,6.92
49822866,498225,286625,6.92
49822867,498225,286725,7.06
49822868,498225,286825,7.03
49832841,498325,284125,8.3
49832842,498325,284225,8.26
49832843,498325,284325,9.8
49832844,498325,284425,9.74
49832846,498325,284625,3.14
49832847,498325,284725,3.61
49832848,498325,284825,4.21
49832849,498325,284925,5.59
49832850,498325,285025,6.32
49832851,498325,285125,6.41
49832852,498325,285225,6.44
49832853,498325,285325,6.46
49832854,498325,285425,6.46
49832855,498325,285525,6.72
49832856,498325,285625,6.72
49832857,498325,285725,6.72
49832858,498325,285825,7.89
49832859,498325,285925,8.12
49832860,498325,286025,8.12
49832861,498325,286125,8.12
49832862,498325,286225,8.11
49832863,498325,286325,7.35
49832864,498325,286425,6.92
49832865,498325,286525,6.92
49832866,498325,286625,6.92
49832867,498325,286725,7.07
49832868,498325,286825,7.07
49842842,498425,284225,9.84
49842843,498425,284325,9.87
49842844,498425,284425,9.94
49842845,498425,284525,3.16
49842846,498425,284625,3.22
49842847,498425,284725,3.21
49842848,498425,284825,3.18
49842849,498425,284925,3.37
49842850,498425,285025,6.42
49842851,498425,285125,6.42
49842852,498425,285225,6.42
49842853,498425,285325,6.46
49842854,498425,285425,6.46
49842855,498425,285525,6.46
49842856,498425,285625,6.26
49842857,498425,285725,7.53
49842858,498425,285825,8.12
49842859,498425,285925,8.12
49842860,498425,286025,8.12
49842861,498425,286125,8.12
49842862,498425,286225,8.12
49842863,498425,286325,7.87
49842864,498425,286425,6.91
49842865,498425,286525,6.39
49842866,498425,286625,6.17
49842867,498425,286725,6.92
49852842,498525,284225,9.87
49852843,498525,284325,9.89
49852845,498525,284525,3.12
49852846,498525,284625,3.17
49852847,498525,284725,3.15
49852848,498525,284825,3.11
49852849,498525,284925,6.4
49852850,498525,285025,6.42
49852851,498525,285125,6.42
49852852,498525,285225,6.4
49852858,498525,285825,7.99
49852859,498525,285925,8.12
49852860,498525,286025,8.12
49852861,498525,286125,8.12
49852862,498525,286225,8.12
49852863,498525,286325,8.11
49852864,498525,286425,6.0
49852865,498525,286525,6.01
49852866,498525,286625,6.0
49862844,498625,284425,3.15
49862845,498625,284525,3.19
49862846,498625,284625,3.19
49862847,498625,284725,3.15
49862848,498625,284825,3.1
49862849,498625,284925,6.42
49862850,498625,285025,6.42
49862851,498625,285125,6.4
49862859,498625,285925,8.12
49862860,498625,286025,8.11
49862861,498625,286125,8.14
49862862,498625,286225,8.13
49862863,498625,286325,8.11
49862864,498625,286425,6.01
49872845,498725,284525,3.14
49872846,498725,284625,3.2
49872847,498725,284725,3.21
49872848,498725,284825,6.17
49872849,498725,284925,6.42
49872860,498725,286025,8.11
49872861,498725,286125,8.12
49872862,498725,286225,8.12
49872863,498725,286325,6.68
49872864,498725,286425,6.0
49882848,498825,284825,6.46
49882849,498825,284925,6.46
